{"other_information": "Keep all appointments with your doctor and the laboratory. Your blood pressure should be checked regularly to determine your response to acebutolol. Your doctor may ask you to check your pulse (heart rate). Ask your pharmacist or doctor to teach you how to take your pulse. If your pulse is faster or slower than it should be, call your doctor.Do not let anyone else take your medication. Ask your pharmacist any questions you have about refilling your prescription.It is important for you to keep a written list of all of the prescription and nonprescription (over-the-counter) medicines you are taking, as well as any products such as vitamins, minerals, or other dietary supplements. You should bring this list with you each time you visit a doctor or if you are admitted to a hospital. It is also important information to carry with you in case of emergencies.", "other_uses": "Acebutolol is also used sometimes to treat chest pain (angina). Talk to your doctor about the possible risks of using this medication for your condition.", "if_i_forget": "Take the missed dose as soon as you remember it. However, if it is almost time for the next dose, skip the missed dose and continue your regular dosing schedule. Do not take a double dose to make up for a missed one.", "special_dietary": "Unless your doctor tells you otherwise, continue your normal diet.", "overdose": "In case of overdose, call your local poison control center at 1-800-222-1222. If the victim has collapsed or is not breathing, call local emergency services at 911.", "precautions": "Before taking acebutolol,tell your doctor and pharmacist if you are allergic to acebutolol, any other medications, or any ingredients in acebutolol capsules. Ask your pharmacist for a list of the ingredients.tell your doctor and pharmacist what prescription and nonprescription medications, vitamins, nutritional supplements, and herbal products you are taking. Be sure to mention any of the following: medications for migraine headaches, diabetes, asthma, allergies, colds, or pain; other medications for high blood pressure or heart disease; and reserpine.tell your doctor if you have or have ever had heart, kidney, or liver disease; asthma or other lung diseases; diseases of the blood vessels; severe allergies; diabetes; or hyperthyroidism (an overactive thyroid gland).tell your doctor if you are pregnant, plan to become pregnant, or are breast-feeding. If you become pregnant while taking acebutolol, call your doctor.if you are having surgery, including dental surgery, tell the doctor or dentist that you are taking acebutolol.you should know that this medication may make you drowsy. Do not drive a car or operate machinery until you know how this medication affects you.remember that alcohol can add to the drowsiness caused by this medication.", "why": "Acebutolol is used to treat high blood pressure. Acebutolol also is used to treat an irregular heartbeat. Acebutolol is in a class of medications called beta blockers. It works by relaxing blood vessels and slowing heart rate to improve blood flow and decrease blood pressure.High blood pressure is a common condition and when not treated, can cause damage to the brain, heart, blood vessels, kidneys and other parts of the body. Damage to these organs may cause heart disease, a heart attack, heart failure, stroke, kidney failure, loss of vision, and other problems. In addition to taking medication, making lifestyle changes will also help to control your blood pressure. These changes include eating a diet that is low in fat and salt, maintaining a healthy weight, exercising at least 30 minutes most days, not smoking, and using alcohol in moderation.", "storage_conditions": "Keep this medication in the container it came in, tightly closed, and out of reach of children. Store it at room temperature and away from excess heat and moisture (not in the bathroom). Throw away any medication that is outdated or no longer needed. Talk to your pharmacist about the proper disposal of your medication.", "title": "Acebutolol", "side_effects": "Acebutolol may cause side effects. Tell your doctor if any of these symptoms are severe or do not go away:\r \r dizzinesslightheadednessexcessive tirednessheadacheconstipationdiarrheaupset stomachmuscle achesSome side effects can be serious. If you experience any of the following symptoms, call your doctor immediately:\r \r shortness of breath or wheezingswelling of the feet and lower legschest painIf you experience a serious side effect, you or your doctor may send a report to the Food and Drug Administration's (FDA) MedWatch Adverse Event Reporting program online (http://www.fda.gov/Safety/MedWatch) or by phone (1-800-332-1088).", "how": "Acebutolol comes as a capsule to take by mouth. It usually is taken once or twice a day. To help you remember to take acebutolol, take it around the same time(s) every day. Follow the directions on your prescription label carefully, and ask your doctor or pharmacist to explain any part you do not understand. Take acebutolol exactly as directed. Do not take more or less of it or take it more often than prescribed by your doctor.Acebutolol controls your condition but does not cure it. Continue to take acebutolol even if you feel well. Do not stop taking acebutolol without talking to your doctor. If you suddenly stop taking acebutolol, you may experience serious heart problems such as angina (chest pain) or heart attack."}