{"other_information": "Keep all appointments with your doctor.Do not let anyone else take your medication. This medication is a controlled substance. Prescriptions may be refilled only a limited number of times; ask your pharmacist if you have any questions.It is important for you to keep a written list of all of the prescription and nonprescription (over-the-counter) medicines you are taking, as well as any products such as vitamins, minerals, or other dietary supplements. You should bring this list with you each time you visit a doctor or if you are admitted to a hospital. It is also important information to carry with you in case of emergencies.", "other_uses": [], "if_i_forget": "Take the missed dose as soon as you remember it. However, if it is almost time for the next dose, skip the missed dose and continue your regular dosing schedule. Do not take a double dose to make up for a missed one.", "special_dietary": "Acetaminophen, Butalbital, Caffeine may cause an upset stomach. Take this medicine with food or milk.", "overdose": "In case of overdose, call your local poison control center at 1-800-222-1222. If the victim has collapsed or is not breathing, call local emergency services at 911.", "precautions": "Before taking acetaminophen, Butalbital, Caffeine,tell your doctor and pharmacist if you are allergic to acetaminophen, butalbital, caffeine, or any other drugs.tell your doctor and pharmacist what prescription and nonprescription medications you are taking, especially anticoagulants ('blood thinners') such as warfarin (Coumadin), antidepressants, antihistamines, pain medications, sedatives, sleeping pills, tranquilizers, and vitamins. Many nonprescription pain relievers contain acetaminophen. Too much of this drug can be harmful.tell your doctor if you have or have ever had liver disease, porphyria, or depression.tell your doctor if you are pregnant, plan to become pregnant, or are breast-feeding. If you become pregnant while taking this medication, call your doctor.you should know that this drug may make you drowsy. Do not drive a car or operate machinery until you know how this drug affects you.remember that alcohol can add to the drowsiness caused by this drug.", "why": "This combination of drugs is used to relieve tension headaches.This medication is sometimes prescribed for other uses; ask your doctor or pharmacist for more information.", "storage_conditions": "Keep this medication in the container it came in, tightly closed, and out of reach of children. Store it at room temperature, away from excess heat and moisture (not in the bathroom).Unneeded medications should be disposed of in special ways to ensure that pets, children, and other people cannot consume them.  However, you should not flush this medication down the toilet. Instead, the best way to dispose of your medication is through a medicine take-back program. Talk to your pharmacist or contact your local garbage/recycling department to learn about take-back programs in your community.  See the FDA's Safe Disposal of Medicines website (http://goo.gl/c4Rm4p) for more information if you do not have access to a take-back program.", "title": "Acetaminophen, Butalbital, and Caffeine", "side_effects": "Acetaminophen, Butalbital, Caffeine may cause side effects. Tell your doctor if any of these symptoms are severe or do not go away:\r \r drowsinessupset stomachvomitingstomach paindepressionlightheadednessconfusionIf you experience any of the following symptoms, call your doctor immediately:\r \r skin rashitchingdifficulty breathingIf you experience a serious side effect, you or your doctor may send a report to the Food and Drug Administration's (FDA) MedWatch Adverse Event Reporting program online (http://www.fda.gov/Safety/MedWatch) or by phone (1-800-332-1088).", "how": "The combination of acetaminophen, Butalbital, Caffeine comes as a capsule and tablet to take by mouth. It usually is taken every 4 hours as needed. Follow the directions on your prescription label carefully, and ask your doctor or pharmacist to explain any part you do not understand. Take acetaminophen, Butalbital, Caffeine exactly as directed. Do not take more than six tablets or capsules in 1 day. If you think that you need more to relieve your symptoms, call your doctor.This medication can be habit-forming. Do not take a larger dose, take it more often, or for a longer period than your doctor tells you to."}