{"other_information": "Keep all appointments with your doctor.Too much acetaminophen may cause liver damage; do not take more than 4000 mg of acetaminophen per day.Do not let anyone else take your medication. Ask your pharmacist any questions you have about refilling your prescription.It is important for you to keep a written list of all of the prescription and nonprescription (over-the-counter) medicines you are taking, as well as any products such as vitamins, minerals, or other dietary supplements. You should bring this list with you each time you visit a doctor or if you are admitted to a hospital. It is also important information to carry with you in case of emergencies.", "other_uses": [], "if_i_forget": "This medication usually is taken as needed. If your doctor has told you to take acetaminophen and codeine regularly, take the missed dose as soon as you remember it. However, if it is almost time for the next dose, skip the missed dose and continue your regular dosing schedule. Do not take a double dose to make up for a missed one.", "special_dietary": [], "overdose": "In case of overdose, call your local poison control center at 1-800-222-1222. If the victim has collapsed or is not breathing, call local emergency services at 911.", "precautions": "Before taking acetaminophen and codeine,tell your doctor and pharmacist if you are allergic to acetaminophen, codeine, sulfite or any other drugs.tell your doctor and pharmacist what prescription and nonprescription medications you are taking, especially acetaminophen (Tylenol); antidepressants; medications for cough, cold, or allergies; other pain relievers; sedatives, sleeping pills, tranquilizers; and vitamins.tell your doctor if you have or have ever had liver or kidney disease, a history of alcoholism, lung or thyroid disease, prostatic hypertrophy, or urinary retention.tell your doctor if you are pregnant, plan to become pregnant, or are breast-feeding. If you become pregnant while taking acetaminophen and codeine, call your doctor.if you are having surgery, including dental surgery, tell the doctor or dentist that you are taking acetaminophen and codeine.you should know that this drug may make you drowsy. Do not drive a car or operate machinery until you know how this drug affects you.remember that alcohol can add to the drowsiness caused by this drug.", "why": "This combination of drugs is used to relieve mild to moderate pain.This medication is sometimes prescribed for other uses; ask your doctor or pharmacist for more information.", "storage_conditions": "Keep this medication in the container it came in, tightly closed, and out of reach of children. Store it at room temperature and away from excess heat and moisture (not in the bathroom). Throw away any medication that is outdated or no longer needed. Talk to your pharmacist about the proper disposal of your medication.", "title": "Acetaminophen and Codeine", "side_effects": "Acetaminophen and codeine may cause side effects. Tell your doctor if any of these symptoms are severe or do not go away:\r \r dizzinesslightheadednessdrowsinessupset stomachvomitingconstipationstomach painrashdifficulty urinatingIf you experience either of the following symptoms, call your doctor immediately:\r \r difficulty breathingmood changesIf you experience a serious side effect, you or your doctor may send a report to the Food and Drug Administration's (FDA) MedWatch Adverse Event Reporting program online (http://www.fda.gov/Safety/MedWatch) or by phone (1-800-332-1088).", "how": "The combination of acetaminophen and codeine comes as a tablet, capsule, and liquid to take by mouth. It usually is taken every 6 hours as needed. Follow the directions on your prescription label carefully, and ask your doctor or pharmacist to explain any part you do not understand. Take acetaminophen and codeine exactly as directed.Codeine can be habit-forming. Do not take a larger dose, take it more often, or for a longer period than your doctor tells you to."}