{"other_information": "Keep all appointments with your doctor.Do not let anyone else use your medication. Ask your pharmacist any questions you have about refilling your prescription.It is important for you to keep a written list of all of the prescription and nonprescription (over-the-counter) medicines you are taking, as well as any products such as vitamins, minerals, or other dietary supplements. You should bring this list with you each time you visit a doctor or if you are admitted to a hospital. It is also important information to carry with you in case of emergencies.", "other_uses": "This medication may be prescribed for other uses; ask your doctor or pharmacist for more information.", "if_i_forget": "Skip the missed dose and continue your regular dosing schedule. Do not inhale a double dose to make up for a missed one.", "special_dietary": "Unless your doctor tells you otherwise, continue your normal diet.", "overdose": "In case of overdose, call your local poison control center at 1-800-222-1222. If the victim has collapsed or is not breathing, call local emergency services at 911.", "precautions": "Before using aclidinium,tell your doctor and pharmacist if you are allergic to aclidinium, atropine (Atropen, in Lomotil, in Lonox, in Motofen), any other medications, any of the ingredients in aclidinium inhalation powder, or milk proteins. Ask your pharmacist or check the patient information for a list of the ingredients.tell your doctor and pharmacist what prescription and nonprescription medications, vitamins, nutritional supplements, and herbal products you are taking or plan to take. Be sure to mention any of the following: antihistamines; atropine (Atropen, in Lomotil, in Lonox, in Motofen); ipratropium (Atrovent); medications for irritable bowel disease, motion sickness, Parkinson's disease, ulcers, and urinary problems; and tiotropium (Spiriva). Your doctor may need to change the doses of your medications or monitor you carefully for side effects.tell your doctor if you have or have ever had glaucoma (increased pressure in the eye that may cause vision loss), benign prostatic hypertrophy (BPH; enlargement of a male reproductive gland), a bladder condition, or any other condition that makes it difficult for you to empty your bladder completely.<pregnancy>tell your doctor if you are pregnant, plan to become pregnant, or are breast-feeding. If you become pregnant while taking aclidinium, call your doctor.</pregnancy>", "why": "Aclidinium is used as a long term treatment to prevent wheezing, shortness of breath, coughing, and chest tightness in patients with chronic obstructive pulmonary disease (COPD, a group of diseases that affect the lungs and airways) such as chronic bronchitis (swelling of the air passages that lead to the lungs) and emphysema (damage to air sacs in the lungs). Aclidinium is in a class of medications called bronchodilators. It works by relaxing and opening the air passages to the lungs to make breathing easier.", "storage_conditions": "Keep this medication in the container it came in, tightly closed, and out of reach of children. Keep the device in the protective pouch and do not open the sealed pouch until you are ready to use the medication. Store it at room temperature and away from excess heat and moisture (not in the bathroom). Do not store the medication on a surface that vibrates. Dispose of the inhalation device 45 days after you open it, when you see a zero in the dose indicator window, or when the device locks out, whichever comes soonest.Unneeded medications should be disposed of in special ways to ensure that pets, children, and other people cannot consume them.  However, you should not flush this medication down the toilet. Instead, the best way to dispose of your medication is through a medicine take-back program. Talk to your pharmacist or contact your local garbage/recycling department to learn about take-back programs in your community.  See the FDA's Safe Disposal of Medicines website (http://goo.gl/c4Rm4p) for more information if you do not have access to a take-back program.", "title": "Aclidinium Oral Inhalation", "side_effects": "Aclidinium may cause side effects. Tell your doctor if any of these symptoms are severe or do not go away:\r \r headacherunny nose and other cold symptomscoughdiarrheaSome side effects can be serious. If you experience any of these symptoms, stop using aclidinium and call your doctor immediately or get emergency medical treatment:\r \r sudden shortness of breath immediately after inhaling the medicationeye pain or rednessblurred visionseeing halos or bright colors around lightsdifficult, painful or frequent urinationweak urine streamrashhivesswelling of the eyes, face, lips, mouth, tongue, or throatdifficulty breathing or swallowingAclidinium may cause other side effects. Call your doctor if you have any unusual problems while using this medication.If you experience a serious side effect, you or your doctor may send a report to the Food and Drug Administration's (FDA) MedWatch Adverse Event Reporting program online (http://www.fda.gov/Safety/MedWatch) or by phone (1-800-332-1088).", "how": "Aclidinium comes as a dry powder in an inhalation device to inhale by mouth. It is usually inhaled twice a day, once every 12 hours. Inhale aclidinium at around the same times every day. Follow the directions on your prescription label carefully, and ask your doctor or pharmacist to explain any part you do not understand. Inhale aclidinium exactly as directed. Do not inhale more or less of it or inhale it more often than prescribed by your doctor.Do not use aclidinium to treat a sudden attack of wheezing or shortness of breath. Your doctor will prescribe a rescue medication to treat sudden attacks of symptoms. Keep this medication with you at all times in case you have sudden difficulty breathing. Your condition may worsen over time during your treatment with aclidinium. Do not take extra doses of aclidinium if this happens. Call your doctor or get emergency medical help if your breathing problems worsen, you need to use your rescue medication to treat sudden attacks more often, or your rescue medication does not relieve your symptoms as well as it did in the past.Aclidinium can help control your symptoms but does not cure COPD. You may notice some improvement in your symptoms the first day that you use aclidinium, but it may take longer for you to feel the full benefit of the medication. Continue to use aclidinium even if you feel well. Do not stop using aclidinium without talking to your doctor.Before you use your aclidinium inhalation device for the first time, read the manufacturer's directions for use carefully. Ask your doctor or pharmacist to show you how to use the device and practice using it while he or she watches.Be careful not to get aclidinium powder in your eyes. If you get the powder in your eyes, you may experience blurred vision and sensitivity to light.The aclidinium inhalation device does not need to be cleaned. If you want to clean the device, you may wipe the outside of the mouthpiece with a dry tissue or paper towel. Never use water to clean the device because you might damage the medication.Ask your pharmacist or doctor for a copy of the manufacturer's information for the patient."}