{"other_information": "Do not let anyone else take your medication. Ask your pharmacist any questions you have about refilling your prescription.It is important for you to keep a written list of all of the prescription and nonprescription (over-the-counter) medicines you are taking, as well as any products such as vitamins, minerals, or other dietary supplements. You should bring this list with you each time you visit a doctor or if you are admitted to a hospital. It is also important information to carry with you in case of emergencies.", "other_uses": "This medication may be prescribed for other uses; ask your doctor or pharmacist for more information.", "if_i_forget": "If you remember the missed dose on the day that you were supposed to take it, take the missed dose as soon as you remember it. However, if you do not remember the missed dose until the next day, skip the missed dose and continue your regular dosing schedule. Do not take more than one dose of adefovir on the same day. Do not take a double dose to make up for a missed one.", "special_dietary": "Unless your doctor tells you otherwise, continue your normal diet.", "overdose": "In case of overdose, call your local poison control center at 1-800-222-1222. If the victim has collapsed or is not breathing, call local emergency services at 911.Symptoms of overdose may include:\r \r upset stomachstomach discomfortvomitinggasloose bowel movementsloss of appetite", "precautions": "Before taking adefovir,tell your doctor and pharmacist if you are allergic to adefovir or any other medications.tell your doctor and pharmacist what other prescription and nonprescription medications, vitamins, nutritional supplements, and herbal products you are taking or plan to take. Be sure to mention the medications listed in the IMPORTANT WARNING section and probenecid. Your doctor may need to change the doses of your medications or monitor you carefully for side effects. Do not take any other medications while you are taking adefovir unless your doctor has told you that you should.do not take adefovir if you are pregnant or plan to become pregnant. If you become pregnant while taking adefovir, call your doctor. Do not breast-feed while taking adefovir.if you are having surgery, including dental surgery, tell the doctor or dentist that you are taking adefovir.", "why": "Adefovir is used to treat chronic (long-term) hepatitis B infection (swelling of the liver caused by a virus) in patients who have symptoms of the disease. Adefovir is in a class of medications called nucleotide analogs. It works by decreasing the amount of hepatitis B virus (HBV) in the body. Adefovir will not cure hepatitis B and may not prevent complications of chronic hepatitis B such as cirrhosis of the liver or liver cancer. Adefovir may not prevent the spread of hepatitis B to other people.", "storage_conditions": "Keep this medication in the container it came in, tightly closed, and out of reach of children. Store it at room temperature and away from excess heat and moisture (not in the bathroom).Unneeded medications should be disposed of in special ways to ensure that pets, children, and other people cannot consume them.  However, you should not flush this medication down the toilet. Instead, the best way to dispose of your medication is through a medicine take-back program. Talk to your pharmacist or contact your local garbage/recycling department to learn about take-back programs in your community.  See the FDA's Safe Disposal of Medicines website (http://goo.gl/c4Rm4p) for more information if you do not have access to a take-back program.", "title": "Adefovir", "side_effects": "Adefovir may cause side effects. Tell your doctor if any of these symptoms are severe or do not go away:\r \r weaknessheadachediarrheagasindigestioncoughsore throatrunny noseSome side effects can be serious. If you experience this symptom or any of those listed in the IMPORTANT WARNING section, call your doctor immediately:\r \r rashAdefovir may cause other side effects. Call your doctor if you have any unusual problems while taking this medication.If you experience a serious side effect, you or your doctor may send a report to the Food and Drug Administration's (FDA) MedWatch Adverse Event Reporting program online (http://www.fda.gov/Safety/MedWatch) or by phone (1-800-332-1088).", "how": "Adefovir comes as a tablet to take by mouth. It is usually taken once a day with or without food. Take adefovir at around the same time every day. Follow the directions on your prescription label carefully, and ask your doctor or pharmacist to explain any part you do not understand. Take adefovir exactly as directed. Do not take more or less of it or take it more often than prescribed by your doctor."}