{"other_information": "It is important for you to keep a written list of all of the prescription and nonprescription (over-the-counter) medicines you are taking, as well as any products such as vitamins, minerals, or other dietary supplements. You should bring this list with you each time you visit a doctor or if you are admitted to a hospital. It is also important information to carry with you in case of emergencies.", "other_uses": "This medication may be prescribed for other uses; ask your doctor or pharmacist for more information.", "if_i_forget": [], "special_dietary": "Talk to your doctor about eating grapefruit and drinking grapefruit juice while receiving this medication.", "overdose": "In case of overdose, call your local poison control center at 1-800-222-1222. If the victim has collapsed or is not breathing, call local emergency services at 911.Symptoms of overdose may include the following:\r \r nosebleeds and other unusual bleeding or bruisingbloody or black, tarry stoolsvomiting blood or brown material that resembles coffee grounds", "precautions": "Before receiving ado-trastuzumab emtansine,tell your doctor and pharmacist if you are allergic to ado-trastuzumab emtansine, trastuzumab, any other medications, or any of the ingredients in ado-trastuzumab emtansine injection. Ask your doctor or pharmacist for a list of the ingredients.tell your doctor and pharmacist what prescription and nonprescription medications, vitamins, nutritional supplements, and herbal products you are taking or plan to take. Be sure to mention the medications listed in the IMPORTANT WARNING section and any of the following: apixaban (Eliquis), aspirin (Durlaza, in Aggrenox, others), atazanavir (Reyataz, in Evotaz), cilostazol (Pletal), clarithromycin (Biaxin, in Prevpac), clopidogrel (Plavix), dabigatran (Pradaxa), dalteparin (Fragmin), dipyridamole (Persantine, in Aggrenox), edoxaban (Savaysa), enoxaparin (Lovenox), fondaparinux (Arixtra), heparin, indinavir (Crixivan), itraconazole (Onmel, Sporanox), ketoconazole, nefazodone, nelfinavir (Viracept), prasugrel (Effient), ritonavir (Norvir, in Kaletra, Technivie, Viekira Pak), rivaroxaban (Xarelto), saquinavir (Invirase), telithromycin (Ketek), ticagrelor (Brilinta), vorapaxar (Zontivity), voriconazole (Vfend), and warfarin (Coumadin, Jantoven). Your doctor may need to change the doses of your medications or monitor you carefully for side effects.tell your doctor if you are of Asian descent, or if you have or have ever had any of the conditions mentioned in the IMPORTANT WARNING section, trouble breathing, even when resting, or any other medical condition.tell your doctor if you are breast-feeding. You should not breast-feed while receiving ado-trastuzumab emtansine injection and for 7 months after your final dose.", "why": "Ado-trastuzumab emtansine injection is used to treat a certain type of breast cancer that has spread to other parts of the body and has not improved or has worsened after treatment with other medications. Ado-trastuzumab emtansine is in a class of medications called antibody-drug conjugates. It works by killing cancer cells.", "storage_conditions": [], "title": "Ado-trastuzumab Emtansine", "side_effects": "Ado-trastuzumab emtansine may cause side effects. Tell your doctor if any of these symptoms are severe or do not go away:\r \r constipationdiarrheaupset stomachsores in the mouth and throatdry mouthchanges in ability to tastejoint or muscle painheadachedry, red, or teary eyesblurry visiontrouble falling asleep or staying asleepSome side effects can be serious. If you experience any of these symptoms or those listed in the IMPORTANT WARNING section, call your doctor immediately:\r \r pain, itching, redness, swelling, blisters, or sores in the place where the medication was injectedfever, sore throat, chills, difficulty urinating, pain when urinating, and other signs of infectionnosebleeds and other unusual bleeding or bruisingbloody or black, tarry stoolsvomiting blood or brown material that resembles coffee groundspain, burning, or tingling in the hands or feethivesrashitchingdifficulty breathing or swallowingAdo-trastuzumab emtansine may cause other side effects. Call your doctor if you have any unusual problems while taking this medication.If you experience a serious side effect, you or your doctor may send a report to the Food and Drug Administration's (FDA) MedWatch Adverse Event Reporting program online (http://www.fda.gov/Safety/MedWatch) or by phone (1-800-332-1088).", "how": "Ado-trastuzumab emtansine injection comes as a powder to be mixed with liquid and injected slowly into a vein by a doctor or nurse in a hospital or medical facility. It is usually injected once every 3 weeks. The length of your treatment depends on how well your body responds to the medication and the side effects that you experience.It should take 90 minutes for you to receive your first dose of ado-trastuzumab emtansine. A doctor or nurse will watch you closely to see how your body reacts to ado-trastuzumab emtansine. If you do not have any serious problems when you receive your first dose of ado-trastuzumab emtansine, it will usually take 30 minutes for you to receive each of your remaining doses of the medication.Ado-trastuzumab emtansine injection may cause serious infusion-related reactions, which may occur during the infusion of the medication. If you experience any of the following symptoms, tell your doctor immediately: flushing; fever; chills; dizziness; lightheadedness; fainting; shortness of breath; difficulty breathing; or fast, irregular, or pounding heartbeat.Your doctor may need to delay your treatment, adjust your dose, or stop your treatment if you experience certain side effects. Be sure to tell your doctor how you are feeling during your treatment with ado-trastuzumab emtansine."}