{"other_information": "Keep all appointments with your doctor and the laboratory. Your doctor will probably order certain laboratory tests to check your body's response to alogliptin. Your blood sugar and glycosylated hemoglobin (HbA1c) should be checked regularly to determine your response to alogliptin. Your doctor may also tell you how to check your response to alogliptin by measuring your blood or urine sugar levels at home. Follow these directions carefully.You should always wear a diabetic identification bracelet to be sure you get proper treatment in an emergency.Do not let anyone else take your medication. Ask your pharmacist any questions you have about refilling your prescription.It is important for you to keep a written list of all of the prescription and nonprescription (over-the-counter) medicines you are taking, as well as any products such as vitamins, minerals, or other dietary supplements. You should bring this list with you each time you visit a doctor or if you are admitted to a hospital. It is also important information to carry with you in case of emergencies.", "other_uses": "This medication may be prescribed for other uses; ask your doctor or pharmacist for more information.", "if_i_forget": "Take the missed dose as soon as you remember it. However, if it is almost time for the next dose, skip the missed dose and continue your regular dosing schedule. Do not take a double dose to make up for a missed one.", "special_dietary": "Be sure to follow all exercise and dietary recommendations made by your doctor or dietitian. It is important to eat a healthy diet, exercise regularly, and lose weight if necessary. This will help to control your diabetes and help alogliptin work more effectively.", "overdose": "In case of overdose, call your local poison control center at 1-800-222-1222. If the victim has collapsed or is not breathing, call local emergency services at 911.", "precautions": "Before taking alogliptin,tell your doctor and pharmacist if you are allergic to alogliptin; other DPP-4 inhibitors including linagliptin (Tradjenta, in Glyxambi, in Jentadueto), saxagliptin (Onglyza, in Kombiglyze), sitagliptin (Januvia, in Janumet); any other medications, or any of the ingredients in alogliptin tablets. Ask your pharmacist or check the Medication Guide for a list of the ingredients.tell your doctor and pharmacist what prescription and nonprescription medications, vitamins, nutritional supplements, and herbal products you are taking or plan to take. Be sure to mention insulin and other medications for diabetes. Your doctor may need to change the doses of your medications or monitor you carefully for side effects.tell your doctor if you drink or have ever drunk large amounts of alcohol and if you have or have ever had pancreatitis (swelling of the pancreas), gallstones, heart failure, or kidney or liver disease.tell your doctor if you are pregnant, plan to become pregnant, or are breast-feeding. If you become pregnant while taking alogliptin, call your doctor.if you are having surgery including dental surgery, tell the doctor or dentist that you are taking alogliptin.talk to your doctor about what you should do if you get hurt or if you develop a fever or infection. These conditions may affect your blood sugar and the amount of alogliptin you may need.", "why": "Alogliptin is used along with diet and exercise to lower blood sugar levels in patients with type 2 diabetes (condition in which blood sugar is too high because the body does not produce or use insulin normally). Alogliptin is in a class of medications called dipeptidyl peptidase-4 (DPP-4) inhibitors. It works by increasing the amount of insulin in the body to control blood sugar. Alogliptin is not used to treat type 1 diabetes (condition in which the body does not produce insulin and, therefore, cannot control the amount of sugar in the blood) or diabetic ketoacidosis (a serious condition that may develop if high blood sugar is not treated).Over time, people who have diabetes and high blood sugar can develop serious or life-threatening complications, including heart disease, stroke, kidney problems, nerve damage, and eye problems. Taking medication(s), making lifestyle changes (e.g., diet, exercise, quitting smoking), and regularly checking your blood sugar may help to manage your diabetes and improve your health. This therapy may also decrease your chances of having a heart attack, stroke, or other diabetes-related complications such as kidney failure, nerve damage (numb, cold legs or feet; decreased sexual ability in men and women), eye problems, including changes or loss of vision, or gum disease. Your doctor and other healthcare providers will talk to you about the best way to manage your diabetes.", "storage_conditions": "Keep this medication in the container it came in, tightly closed, and out of reach of children. Store it at room temperature and away from excess heat and moisture (not in the bathroom).Unneeded medications should be disposed of in special ways to ensure that pets, children, and other people cannot consume them.  However, you should not flush this medication down the toilet. Instead, the best way to dispose of your medication is through a medicine take-back program. Talk to your pharmacist or contact your local garbage/recycling department to learn about take-back programs in your community.  See the FDA's Safe Disposal of Medicines website (http://goo.gl/c4Rm4p) for more information if you do not have access to a take-back program.", "title": "Alogliptin", "side_effects": "This medication may cause changes in your blood sugar. You should know the symptoms of high and low blood sugar and what to do if you develop these symptoms.Alogliptin may cause side effects. Tell your doctor if any of these symptoms are severe or do not go away:\r \r headachestuffy or runny nosesore throatjoint painSome side effects can be serious. If you experience any of these symptoms, stop taking alogliptin and call your doctor immediately or get emergency medical treatment:\r \r severe stomach pain that may move to your backvomitingexcessive tirednessloss of appetitepain in the right upper area of the stomachdark urineyellowing of the skin or eyesfeverblistersskin peelingrashhivesitchingswelling of the eyes, face, lips, tongue, or throathoarsenessdifficulty breathing or swallowingshortness of breath, especially when lying downswelling of the feet, ankles, or legssudden weight gainAlogliptin may cause other side effects. Call your doctor if you have any unusual problems while taking this medication.If you experience a serious side effect, you or your doctor may send a report to the Food and Drug Administration's (FDA) MedWatch Adverse Event Reporting program online (http://www.fda.gov/Safety/MedWatch) or by phone (1-800-332-1088).", "how": "Alogliptin comes as a tablet to take by mouth. It is usually taken with or without food once a day. Take alogliptin at around the same time every day. Follow the directions on your prescription label carefully, and ask your doctor or pharmacist to explain any part you do not understand. Take alogliptin exactly as directed. Do not take more or less of it or take it more often than prescribed by your doctor.Alogliptin controls diabetes but does not cure it. Continue to take alogliptin even if you feel well. Do not stop taking alogliptin without talking to your doctor. Your doctor or pharmacist will give you the manufacturer's patient information sheet (Medication Guide) when you begin treatment with alogliptin and each time you refill your prescription. Read the information carefully and ask your doctor or pharmacist if you have any questions. You can also visit the Food and Drug Administration (FDA) website (http://www.fda.gov/Drugs/DrugSafety/ucm085729.htm) or the manufacturer's website to obtain the Medication Guide."}