{"other_information": "Keep all appointments with your doctor and the laboratory. Your doctor will order certain lab tests to check your body's response to amifostine.It is important for you to keep a written list of all of the prescription and nonprescription (over-the-counter) medicines you are taking, as well as any products such as vitamins, minerals, or other dietary supplements. You should bring this list with you each time you visit a doctor or if you are admitted to a hospital. It is also important information to carry with you in case of emergencies.", "other_uses": "Amifostine is also sometimes used to prevent and decrease side effects associated with certain chemotherapy medications or radiation treatment and in the treatment of some types of blood cell diseases.", "if_i_forget": [], "special_dietary": "Unless your doctor tells you otherwise, continue your normal diet.", "overdose": "In case of overdose, call your local poison control center at 1-800-222-1222. If the victim has collapsed or is not breathing, call local emergency services at 911.Symptoms of overdose may include the following:\r \r dizzinesslightheadednessfainting", "precautions": "Before receiving amifostine,tell your doctor and pharmacist if you are allergic to amifostine, any other medications, or any of the ingredients in amifostine injection. Ask your pharmacist for a list of the ingredients.tell your doctor and pharmacist what other prescription and nonprescription medications, vitamins, nutritional supplements, and herbal products you are taking or plan to take. Be sure to mention medications for high blood pressure. Your doctor will tell you to stop taking your blood pressure medicine 24 hours before you receive amifostine injection. Many other medications may also interact with amifostine, so be sure to tell your doctor about all the medications you are taking.tell your doctor if you have or have ever had heart disease, an irregular heartbeat, heart failure, or a stroke or ministroke.tell your doctor if you are pregnant or plan to become pregnant, or are breast-feeding. If you become pregnant while receiving amifostine, call your doctor. You should not breast-feed during your treatment with amifostine.", "why": "Amifostine is used protect the kidneys from harmful effects of the chemotherapy drug cisplatin in patients that receive this medication for the treatment of ovarian cancer. Amifostine is also used to decrease dryness in the mouth caused by radiation treatment after surgery for head and neck cancer. Amifostine is in a class of medications called cytoprotectants. It works by protecting against the harmful effects of chemotherapy medications and radiation treatment.", "storage_conditions": [], "title": "Amifostine Injection", "side_effects": "Amifostine may cause side effects. Tell your doctor if any of these symptoms are severe or do not go away:\r \r nauseavomitingflushing or feeling of warmthchills or feeling of coldnessgeneral feeling of tirednessfeverdrowsinesssneezinghiccupsSome side effects can be serious. If you experience any of these symptoms , call your doctor immediately:\r \r shortness of breathdizzinessblurred visionfaintingseizureschest tightnesschest painrash hivesitchingdifficulty breathing or swallowingpeeling or blistering skinfast, slow, or pounding heartbeatAmifostine may cause other side effects. Call your doctor if you have any unusual problems while taking this medication.If you experience a serious side effect, you or your doctor may send a report to the Food and Drug Administration's (FDA) MedWatch Adverse Event Reporting program online (http://www.fda.gov/Safety/MedWatch) or by phone (1-800-332-1088).", "how": "Amifostine comes as a powder to be mixed with liquid to be injected intravenously (into a vein) by a doctor or nurse in a medical facility. When amifostine is used to protect the kidneys against the harmful effects of cisplatin, it is usually given over 15 minutes starting 30 minutes before you receive your chemotherapy treatment. When amifostine is used to reduce the severe dry mouth caused by radiation treatment, it is usually given over 3 minutes starting 15\u201330 minutes before your radiation treatment.Ask your pharmacist or doctor for a copy of the manufacturer's information for the patient."}