{"other_information": "It is important for you to keep a written list of all of the prescription and nonprescription (over-the-counter) medicines you are taking, as well as any products such as vitamins, minerals, or other dietary supplements. You should bring this list with you each time you visit a doctor or if you are admitted to a hospital. It is also important information to carry with you in case of emergencies.", "other_uses": "Amikacin is also sometimes used with other medications to treat tuberculosis (TB; a serious infection that affects the lungs and sometimes other parts of the body). Talk to your doctor about the risks of using this medication for your condition.", "if_i_forget": [], "special_dietary": "Unless your doctor tells you otherwise, continue your normal diet.", "overdose": "In case of overdose, call your local poison control center at 1-800-222-1222. If the victim has collapsed or is not breathing, call local emergency services at 911.", "precautions": "Before receiving amikacin injection,tell your doctor and pharmacist if you are allergic to amikacin injection; other aminoglycoside antibiotics such as gentamicin, kanamycin, neomycin, streptomycin, or tobramycin; sulfites; any other medications; or any of the ingredients in amikacin injection. Ask your pharmacist for a list of the ingredients.tell your doctor and pharmacist what other prescription and nonprescription medications, vitamins, and nutritional supplements, you are taking or plan to take. Be sure to mention the medications listed in the IMPORTANT WARNING section and any of the following: other antibiotics such as amoxicillin (Amoxil, Larotid, Moxatag, in Augmentin, in Prevpac), ampicillin, or penicillin; dimenhydrinate (Dramamine); meclizine (Bonine); or nonsteroidal anti-inflammatory drugs such as indomethacin (Indocin, Tivorbex). Your doctor may need to change the doses of your medications or monitor you carefully for side effects. Many other medications may also interact with amikacin, so be sure to tell your doctor about all the medications you are taking, even those that do not appear on this list.tell your doctor if you are or have or have ever had cystic fibrosis (an inherited condition that affects the lungs and digestive system), problems with your muscles such as myasthenia gravis or Parkinson's disease.Tell your doctor if you are pregnant or plan to become pregnant or breastfeed. If you become pregnant while using amikacin injection, call your doctor immediately. Amikacin may harm the fetus.", "why": "Amikacin injection is used to treat certain serious infections that are caused by bacteria such as meningitis (infection of the membranes that surround the brain and spinal cord) and infections of the blood, abdomen (stomach area), lungs, skin, bones, joints, and urinary tract. Amikacin injection is in a class of medications called aminoglycoside antibiotics. It works by killing bacteria.Antibiotics such as amikacin injection will not work for colds, flu, or other viral infections. Taking antibiotics when they are not needed increases your risk of getting an infection later that resists antibiotic treatment.", "storage_conditions": [], "title": "Amikacin Injection", "side_effects": "Amikacin may cause side effects. Tell your doctor if any of these symptoms are severe or do not go away:\r \r nauseavomitingdiarrheaheadachefeverSome side effects can be serious. If you experience any of these symptoms or those listed in the IMPORTANT WARNING section, call your doctor immediately or get emergency medical treatment:\r \r rashpeeling or blistering of the skinitchinghivesswelling of the eyes, face, throat, tongue, or lipsdifficulty breathing or swallowinghoarsenesssevere diarrhea (watery or bloody stools) that may occur with or without fever and stomach cramps (may occur up to 2 months or more after your treatment)Amikacin may cause other side effects. Call your doctor if you have any unusual problems while taking this medication.If you experience a serious side effect, you or your doctor may send a report to the Food and Drug Administration's (FDA) MedWatch Adverse Event Reporting program online (http://www.fda.gov/Safety/MedWatch) or by phone (1-800-332-1088).", "how": "Amikacin injection comes as a liquid to be injected intravenously (into a vein) or intramuscularly (into a muscle) every 8 or 12 hours (two or three times a day). When amikacin is injected intravenously, it is usually infused (injected slowly) over a period of 30 to 60 minutes. The length of your treatment depends on the type of infection you have.You may receive amikacin injection in a hospital or you may administer the medication at home. If you will be receiving amikacin injection at home, your healthcare provider will show you how to use the medication. Be sure that you understand these directions, and ask your healthcare provider if you have any questions.You should begin to feel better during the first few days of treatment with amikacin injection. If your symptoms do not improve or get worse, call your doctor.Use amikacin injection until you finish the prescription, even if you feel better. If you stop using amikacin injection too soon or skip doses, your infection may not be completely treated and the bacteria may become resistant to antibiotics.Ask your pharmacist or doctor for a copy of the manufacturer's information for the patient."}