{"other_information": "Keep all appointments with your doctor and the laboratory. Your blood pressure should be checked regularly, and blood tests should be done occasionally.Before having any laboratory test, tell your doctor and the laboratory personnel that you are taking amiloride and hydrochlorothiazide.Do not let anyone else take your medicine. Ask your pharmacist any questions you have about refilling your prescription.It is important for you to keep a written list of all of the prescription and nonprescription (over-the-counter) medicines you are taking, as well as any products such as vitamins, minerals, or other dietary supplements. You should bring this list with you each time you visit a doctor or if you are admitted to a hospital. It is also important information to carry with you in case of emergencies.", "other_uses": "This medicine is sometimes prescribed for other uses; ask your doctor or pharmacist for more information.", "if_i_forget": "Take the missed dose as soon as you remember it. However, if it is almost time for the next dose, skip the missed dose and continue your regular dosing schedule. Do not take a double dose to make up for a missed one.", "special_dietary": "If your doctor prescribes a low-salt or low-sodium diet, or to eat or drink increased amounts of potassium-rich foods (e.g., bananas, prunes, raisins, and orange juice) in your diet, follow these instructions carefully.", "overdose": "In case of overdose, call your local poison control center at 1-800-222-1222. If the victim has collapsed or is not breathing, call local emergency services at 911.", "precautions": "Before taking amiloride and hydrochlorothiazide,tell your doctor and pharmacist if you are allergic to amiloride, hydrochlorothiazide, sulfonamide containing medications, any other medications, or any of the ingredients in amiloride and hydrochlorothiazide tablets. Ask your pharmacist or check the patient information for a list of the ingredients.do not take amiloride and hydrochlorothiazide if you are taking spironolactone (Aldactone, in Aldactazide), other medications containing triamterene, or potassium supplements or potassium-containing medication supplements.tell your doctor and pharmacist what other prescription and nonprescription medications, vitamins, nutritional supplements, and herbal products you are taking or plan to take. Be sure to mention any of the following: angiotensin-converting enzyme (ACE) inhibitors such as benazepril (Lotensin, in Lotrel), captopril (Capoten), fosinopril, lisinopril (in Prinzide, in Zestoretic), moexipril (Univasc, in Uniretic), perindopril (Aceon), quinapril (Accupril, in Accuretic), ramipril (Altace), and trandolapril (Mavik, in Tarka); angiotensin II receptor antagonists (ARB) such as azilsartan (Edarbi, Edarbyclor), candesartan (Atacand, in Atacand HCT), eprosartan (Teveten, in Teveten HCT), irbesartan (Avapro, in Avalide), losartan (Cozaar, in Hyzaar), olmesartan (Benicar, in Azor, Benicar HCT), telmisartan (Micardis, in Micardis HCT), and valsartan (Diovan, in Diovan HCT, Exforge); barbiturates such as phenobarbital and secobarbital (Seconal); corticosteroids such as betamethasone (Celestone), budesonide (Entocort), cortisone (Cortone), dexamethasone (Decadron, others), fludrocortisone (Floriner), hydrocortisone (Cortef, Hydrocortone), methylprednisolone (Medrol), prednisolone (Prelone, others), prednisone (Rayos), and triamcinolone (Aristocort, Azmacort); corticotropin (ACTH H.P., Acthar Gel); cyclosporine (Gengraf, Neoral, Sandimmune); digoxin (Lanoxin); insulin and oral medications for diabetes; lithium (Lithobid); medications for high blood pressure; or nonsteroidal anti-inflammatory drugs (NSAIDs) such as ibuprofen (Advil, Motrin, others), indomethacin (Indocin), and naproxen (Aleve, Naprosyn, others); or tacrolimus (Astagraf XL, Prograf). Your doctor may need to change the doses of your medications or monitor you carefully for side effects.if you are taking cholestyramine or colestipol, take them 1 hour before or 4 hours after taking amiloride and hydrochlorothiazide.tell your doctor if you have kidney disease. Your doctor may tell you not to take amiloride and hydrochlorothiazide.tell your doctor if you have or have ever had diabetes, gout, or liver disease.tell your doctor if you are pregnant, plan to become pregnant, or are breast-feeding. If you become pregnant while taking amiloride and hydrochlorothiazide, call your doctor immediately.if you are having surgery, including dental surgery, tell the doctor or dentist that you are taking amiloride and hydrochlorothiazide.you should know that amiloride and hydrochlorothiazide may cause dizziness, lightheadedness, and fainting when you get up too quickly from a lying position. This is more common when you first start taking amiloride and hydrochlorothiazide. To avoid this problem, get out of bed slowly, resting your feet on the floor for a few minutes before standing up. Alcohol can add to these side effects.", "why": "The combination of amiloride and hydrochlorothiazide is used alone or in combination with other medications to treat high blood pressure and heart failure in patients who have low amounts of potassium in their bodies or for whom low potassium levels in the body could be dangerous. Amiloride and hydrochlorothiazide are in a class of medications called diuretics ('water pills'). They work by causing the kidneys to get rid of unneeded water and salt from the body into the urine.High blood pressure is a common condition and when not treated, can cause damage to the brain, heart, blood vessels, kidneys and other parts of the body. Damage to these organs may cause heart disease, a heart attack, heart failure, stroke, kidney failure, loss of vision, and other problems. In addition to taking medication, making lifestyle changes will also help to control your blood pressure. These changes include eating a diet that is low in fat and salt, maintaining a healthy weight, exercising at least 30 minutes most days, not smoking, and using alcohol in moderation.", "storage_conditions": "Keep this medicine in the container it came in, tightly closed, and out of reach of children. Store it at room temperature and away from excess heat and moisture (not in the bathroom).Unneeded medications should be disposed of in special ways to ensure that pets, children, and other people cannot consume them.  However, you should not flush this medication down the toilet. Instead, the best way to dispose of your medication is through a medicine take-back program. Talk to your pharmacist or contact your local garbage/recycling department to learn about take-back programs in your community.  See the FDA's Safe Disposal of Medicines website (http://goo.gl/c4Rm4p) for more information if you do not have access to a take-back program.", "title": "Amiloride and Hydrochlorothiazide", "side_effects": "Amiloride and hydrochlorothiazide may cause side effects. Tell your doctor if any of these symptoms are severe or do not go away:\r \r <ol>upset stomachdiarrhealoss of appetitestomach paingasheadache</ol>If you experience any of these symptoms, call your doctor immediately or seek emergency medical treatment:\r \r <ol>dry mouth; thirst; nausea; vomiting; weakness, tiredness; drowsiness; restlessness; confusion; muscle weakness, pain, or cramps; fast heartbeat and other signs of dehydration and electrolyte imbalanceslow or irregular heartbeatunusual bleeding or bruisingyellowing of the skin or eyesrashhivesitchingdifficulty breathing or swallowing</ol>If you experience a serious side effect, you or your doctor may send a report to the Food and Drug Administration's (FDA) MedWatch Adverse Event Reporting program online (http://www.fda.gov/Safety/MedWatch) or by phone (1-800-332-1088).", "how": "The combination of amiloride and hydrochlorothiazide comes as a tablet to take by mouth. It usually is taken once a day in the morning with food. To help you remember to take amiloride and hydrochlorothiazide, take it around the same time every day. Follow the directions on your prescription label carefully, and ask your doctor or pharmacist to explain any part you do not understand. Take amiloride and hydrochlorothiazide exactly as directed. Do not take more or less of it or take it more often than prescribed by your doctor.This medication controls high blood pressure and heart failure but does not cure these conditions. Continue to take amiloride and hydrochlorothiazide even if you feel well. Do not stop taking amiloride and hydrochlorothiazide without talking to your doctor."}