{"other_information": "Keep all appointments with your doctor and the laboratory. Your doctor will order certain lab tests to check your body's response to aminocaproic acid injection.It is important for you to keep a written list of all of the prescription and nonprescription (over-the-counter) medicines you are taking, as well as any products such as vitamins, minerals, or other dietary supplements. You should bring this list with you each time you visit a doctor or if you are admitted to a hospital. It is also important information to carry with you in case of emergencies.", "other_uses": "Aminocaproic acid injection is also sometimes used to treat bleeding in the eye that was caused by an injury. Talk to your doctor about the risks of using this medication for your condition.", "if_i_forget": "If you are using aminocaproic acid at home and you miss a dose, inject the missed dose as soon as you remember it. However, if it is almost time for the next dose, skip the missed dose and continue your regular dosing schedule. Do not inject a double dose to make up for a missed one.", "special_dietary": "Unless your doctor tells you otherwise, continue your normal diet.", "overdose": "In case of overdose, call your local poison control center at 1-800-222-1222. If the victim has collapsed or is not breathing, call local emergency services at 911.Symptoms of overdose may include:\r \r seizures", "precautions": "Before using aminocaproic acid injection,tell your doctor and pharmacist if you are allergic to aminocaproic acid or any other medications.tell your doctor and pharmacist what prescription and nonprescription medications, vitamins, nutritional supplements, and herbal products you are taking or plan to take. Be sure to mention any of the following medications: factor IX (AlphaNine SD, Mononine); factor IX complex (Bebulin VH, Profilnine SD, Proplex T); and anti-inhibitor coagulant complex (Feiba VH). Your doctor may need to change the doses of your medications or monitor you carefully for side effects.tell your doctor if you have or have ever had blood clots or heart, liver or kidney disease.tell your doctor if you are pregnant, plan to become pregnant, or are breast-feeding. If you become pregnant while using aminocaproic acid injection, call your doctor.if you are having surgery, including dental surgery, tell the doctor or dentist that you are using aminocaproic acid injection.", "why": "Aminocaproic acid injection is used to control bleeding that occurs when blood clots are broken down too quickly. This type of bleeding may occur during or after heart or liver surgery; in people who have certain bleeding disorders; in people who have cancer of the prostate (a male reproductive gland), lung, stomach, or cervix (opening of the uterus); and in pregnant women experiencing placental abruption (placenta separates from the uterus before the baby is ready to be born). Aminocaproic acid injection is also used to control bleeding in the urinary tract (the organs in the body that produce and excrete urine) that may occur after prostate or kidney surgery or in people who have certain types of cancer. Aminocaproic acid injection should not be used to treat bleeding that is not caused by faster than normal clot breakdown, so your doctor may order tests to find the cause of your bleeding before you begin your treatment. Aminocaproic acid injection is in a class of medications called hemostatics.", "storage_conditions": "If you will be using aminocaproic acid injection at home, store the medication as directed by your health care provider and out of the reach of children. Throw away any medication that is outdated or no longer needed. Talk to your pharmacist about the proper disposal of your medication.", "title": "Aminocaproic Acid Injection", "side_effects": "Aminocaproic acid injection may cause side effects. Tell your doctor if any of these symptoms are severe or do not go away:\r \r pain or redness in the place where the medication was injectednauseavomitingstomach pain or crampingdiarrheaheadachedizzinessconfusionhallucinations (seeing things or hearing voices that do not exist)swelling of the arms, hands, feet, ankles, or lower legsdecreased or blurred visionringing in the earsSome side effects can be serious. If you experience any of these symptoms, call your doctor immediately:\r \r hives rashitchingdifficulty breathing or swallowingmuscle weaknessfatigueshortness of breathchest pressure or squeezing pain in chestdiscomfort in arms, shoulders, neck or upper backexcessive sweatingfeeling of heaviness, pain, warmth and/or swelling in a leg or in the pelvissudden tingling or coldness in an arm or legsudden slow or difficult speechsudden drowsiness or need to sleepsudden weakness or numbness of an arm or legfast breathingsharp pain when taking a deep breathfast or slow heartbeatcoughing up bloodrust colored urinedecreased amount of urinefaintingseizuresAminocaproic acid injection may cause other side effects. Call your doctor if you have any unusual problems while taking this medication.If you experience a serious side effect, you or your doctor may send a report to the Food and Drug Administration's (FDA) MedWatch Adverse Event Reporting program online (http://www.fda.gov/Safety/MedWatch) or by phone (1-800-332-1088).", "how": "Aminocaproic acid injection comes as a solution (liquid) to be injected into a vein by a doctor or nurse in a hospital or clinic or by the patient at home. It is usually injected over about 8 hours as needed to control bleeding. If you are injecting aminocaproic acid at home, use it exactly as directed. Do not use more or less of it or use it more often than prescribed by your doctor."}