{"other_information": "Keep all appointments with your doctor and the laboratory. Your doctor will order certain lab tests to check your response to aminophylline.Do not change from one brand of aminophylline to another without talking to your doctor.Do not let anyone else take your medication. Ask your pharmacist any questions you have about refilling your prescription.It is important for you to keep a written list of all of the prescription and nonprescription (over-the-counter) medicines you are taking, as well as any products such as vitamins, minerals, or other dietary supplements. You should bring this list with you each time you visit a doctor or if you are admitted to a hospital. It is also important information to carry with you in case of emergencies.", "other_uses": "Aminophylline is sometimes used to treat breathing problems in premature infants. Talk to your doctor about the possible risks of using this drug for your baby's condition.", "if_i_forget": "Take the missed dose as soon as you remember it. However, if it is almost time for the next dose, skip the missed dose and continue your regular dosing schedule. Do not take a double dose to make up for a missed one. If you become severely short of breath, call your doctor.", "special_dietary": "Drinking or eating foods high in caffeine, like coffee, tea, cocoa, and chocolate, may increase the side effects caused by aminophylline. Avoid large amounts of these substances while you are taking aminophylline.", "overdose": "In case of overdose, call your local poison control center at 1-800-222-1222. If the victim has collapsed or is not breathing, call local emergency services at 911.", "precautions": "Before taking aminophylline,tell your doctor and pharmacist if you are allergic to aminophylline or any other drugs.tell your doctor and pharmacist what prescription medications you are taking, especially allopurinol (Zyloprim), azithromycin (Zithromax) carbamazepine (Tegretol), cimetidine (Tagamet), ciprofloxacin (Cipro), clarithromycin (Biaxin), diuretics ('water pills'), erythromycin, lithium (Eskalith, Lithobid), oral contraceptives, phenytoin (Dilantin), prednisone (Deltasone), propranolol (Inderal), rifampin (Rifadin), tetracycline (Sumycin), and other medications for infections or heart disease.tell your doctor and pharmacist what nonprescription medications and vitamins you are taking, especially nonprescription medications containing ephedrine, epinephrine, phenylephrine, phenylpropanolamine, or pseudoephedrine. Many nonprescription products contain these drugs (e.g., diet pills and medications for colds and asthma), so check labels carefully. Do not take these medications without talking to your doctor; they can increase the side effects of aminophylline.tell your doctor if you have or have ever had seizures, heart disease, an overactive or underactive thyroid gland, high blood pressure, or liver disease or if you have a history of alcohol abuse.tell your doctor if you are pregnant, plan to become pregnant, or are breast-feeding. If you become pregnant while taking aminophylline, call your doctor.tell your doctor if you use tobacco products. Cigarette smoking may affect the effectiveness of aminophylline.", "why": "Aminophylline is used to prevent and treat wheezing, shortness of breath, and difficulty breathing caused by asthma, chronic bronchitis, emphysema, and other lung diseases. It relaxes and opens air passages in the lungs, making it easier to breathe.This medication is sometimes prescribed for other uses; ask your doctor or pharmacist for more information.", "storage_conditions": "Keep this medication in the container it came in, tightly closed, and out of reach of children. Store it at room temperature and away from excess heat and moisture (not in the bathroom).Unneeded medications should be disposed of in special ways to ensure that pets, children, and other people cannot consume them.  However, you should not flush this medication down the toilet. Instead, the best way to dispose of your medication is through a medicine take-back program. Talk to your pharmacist or contact your local garbage/recycling department to learn about take-back programs in your community.  See the FDA's Safe Disposal of Medicines website (http://goo.gl/c4Rm4p) for more information if you do not have access to a take-back program.", "title": "Aminophylline", "side_effects": "Aminophylline may cause side effects. Tell your doctor if any of these symptoms are severe or do not go away.\r \r upset stomachstomach paindiarrheaheadacherestlessnessinsomniairritabilityIf you experience any of the following symptoms, call your doctor immediately:\r \r vomitingincreased or rapid heart rateirregular heartbeatseizuresskin rashIf you experience a serious side effect, you or your doctor may send a report to the Food and Drug Administration's (FDA) MedWatch Adverse Event Reporting program online (http://www.fda.gov/Safety/MedWatch) or by phone (1-800-332-1088).", "how": "Aminophylline comes as a tablet and syrup to take by mouth and a suppository to insert rectally. It usually is taken every 6, 8, or 12 hours. Follow the directions on your prescription label carefully, and ask your doctor or pharmacist to explain any part you do not understand. Take aminophylline exactly as directed. Do not take more or less of it or take it more often than prescribed by your doctor.Take the tablets or oral liquid with a full glass of water on an empty stomach, at least 1 hour before or 2 hours after a meal. Do not chew or crush the long-acting tablets; swallow them whole.Aminophylline controls symptoms of asthma and other lung diseases but does not cure them. Continue to take aminophylline even if you feel well. Do not stop taking aminophylline without talking to your doctor.To insert a rectal suppository, follow these steps:\r \r <ol>Remove the wrapper.Dip the tip of the suppository in water.Lie down on your left side and raise your right knee to your chest. (A left-handed person should lie on the right side and raise the left knee.)Using your finger, insert the suppository into the rectum, about 1/2 to 1 inch (1.25 to 2.5 centimeters) in infants and children and 1 inch (2.5 centimeters) in adults. Hold it in place for a few moments.Stand up after about 15 minutes. Wash your hands thoroughly and resume your normal activities.</ol>"}