{"other_information": "Keep all appointments with your doctor and the laboratory. Your doctor may order certain lab tests to check your body's response to amitriptyline.Do not let anyone else take your medication. Ask your pharmacist any questions you have about refilling your prescription.It is important for you to keep a written list of all of the prescription and nonprescription (over-the-counter) medicines you are taking, as well as any products such as vitamins, minerals, or other dietary supplements. You should bring this list with you each time you visit a doctor or if you are admitted to a hospital. It is also important information to carry with you in case of emergencies.", "other_uses": "Amitriptyline is also used to treat eating disorders, post-herpetic neuralgia (the burning, stabbing pains, or aches that may last for months or years after a shingles infection), and to prevent migraine headaches. Talk to your doctor about the possible risks of using this medication for your condition.", "if_i_forget": "Take the missed dose as soon as you remember it. However, if it is almost time for the next dose, skip the missed dose and continue your regular dosing schedule. Do not take a double dose to make up for a missed one.", "special_dietary": "Unless your doctor tells you otherwise, continue your normal diet.", "overdose": "In case of overdose, call your local poison control center at 1-800-222-1222. If the victim has collapsed or is not breathing, call local emergency services at 911.Symptoms of overdose may include:\r \r irregular heartbeatseizurescoma (loss of consciousness for a period of time)confusionproblems concentratinghallucinating (seeing things or hearing voices that do not exist)agitationdrowsinessrigid musclesvomitingfevercold body temperature", "precautions": "Before taking amitriptyline,tell your doctor and pharmacist if you are allergic to amitriptyline or any other medications.tell your doctor if you are taking cisapride (Propulsid) (not available in the U.S.) or monoamine oxidase (MAO) inhibitors such as isocarboxazid (Marplan), phenelzine (Nardil), selegiline (Eldepryl, Emsam, Zelapar), and tranylcypromine (Parnate), or if you have taken an MAO inhibitor during the past 14 days. Your doctor will probably tell you that you should not take amitriptyline.tell your doctor and pharmacist what other prescription and nonprescription medications, vitamins, nutritional supplements, and herbal products you are taking. Be sure to mention any of the following: antihistamines; cimetidine (Tagamet); diet pills; disulfiram (Antabuse); guanethidine (Ismelin); ipratropium (Atrovent); quinidine (Quinidex); medications for irregular heartbeats such as flecainide (Tambocor) and propafenone (Rythmol); medications for anxiety, asthma, colds, irritable bowel disease, mental illness, nausea, Parkinson's disease, seizures, ulcers, or urinary problems; other antidepressants; phenobarbital (Bellatal, Solfoton); sedatives; selective serotonin reuptake inhibitors (SSRIs) such as citalopram (Celexa), fluoxetine (Prozac, Sarafem), fluvoxamine (Luvox), paroxetine (Paxil), and sertraline (Zoloft); sleeping pills; thyroid medications; and tranquilizers. Tell your doctor or pharmacist if you have stopped taking fluoxetine (Prozac, Sarafem) in the past 5 weeks.Your doctor may need to change the doses of your medications or monitor you carefully for side effects.tell your doctor if you have recently had a heart attack. Your doctor will probably tell you not to take amitriptyline.tell your doctor if you drink large amounts of alcohol and if you have or have ever had glaucoma (an eye condition); an enlarged prostate (a male reproductive gland); difficulty urinating; seizures; an overactive thyroid gland (hyperthyroidism); diabetes; schizophrenia (a mental illness that causes disturbed or unusual thinking, loss of interest in life, and strong or inappropriate emotions); or liver, kidney, or heart disease.tell your doctor if you are pregnant or plan to become pregnant. If you become pregnant while taking amitriptyline, call your doctor. Do not breast-feed while you are taking amitriptyline.talk to your doctor about the risks and benefits of taking this medication if you are 65 years of age or older. Older adults should not usually take amitriptyline because it is not as safe or effective as other medication(s) that can be used to treat the same condition.if you are having surgery, including dental surgery, tell the doctor or dentist that you are taking amitriptyline.you should know that amitriptyline may make you drowsy. Do not drive a car or operate machinery until you know how this medication affects you.remember that alcohol can add to the drowsiness caused by this medication.", "why": "Amitriptyline is used to treat symptoms of depression. Amitriptyline is in a class of medications called tricyclic antidepressants. It works by increasing the amounts of certain natural substances in the brain that are needed to maintain mental balance.", "storage_conditions": "Keep this medication in the container it came in, tightly closed, and out of reach of children. Store it at room temperature and away from excess heat and moisture (not in the bathroom). Throw away any medication that is outdated or no longer needed. Talk to your pharmacist about the proper disposal of your medication.", "title": "Amitriptyline", "side_effects": "Amitriptyline may cause side effects. Tell your doctor if any of these symptoms are severe or do not go away:\r \r nauseavomitingdrowsinessweakness or tirednessnightmaresheadachesdry mouthconstipationdifficulty urinatingblurred visionpain, burning, or tingling in the hands or feetchanges in sex drive or abilityexcessive sweatingchanges in appetite or weightconfusionunsteadinessSome side effects can be serious. If you experience any of the following symptoms or those listed in the IMPORTANT WARNING section, call your doctor immediately:\r \r slow or difficult speechdizziness or faintnessweakness or numbness of an arm or a legcrushing chest painrapid, pounding, or irregular heartbeatsevere skin rash or hivesswelling of the face and tongueyellowing of the skin or eyesjaw, neck, and back muscle spasmsuncontrollable shaking of a part of the bodyfaintingunusual bleeding or bruisingseizureshallucinating (seeing things or hearing voices that do not exist)Amitriptyline may cause other side effects. Call your doctor if you have any unusual problems while taking this medication.If you experience a serious side effect, you or your doctor may send a report to the Food and Drug Administration's (FDA) MedWatch Adverse Event Reporting program online (http://www.fda.gov/Safety/MedWatch) or by phone (1-800-332-1088).", "how": "Amitriptyline comes as a tablet to take by mouth. It is usually taken one to four times a day. Take amitriptyline at around the same time(s) every day. Follow the directions on your prescription label carefully, and ask your doctor or pharmacist to explain any part you do not understand. Take amitriptyline exactly as directed. Do not take more or less of it or take it more often than prescribed by your doctor.Your doctor will probably start you on a low dose of amitriptyline and gradually increase your dose.It may take a few weeks or longer before you feel the full benefit of amitriptyline. Continue to take amitriptyline even if you feel well. Do not stop taking amitriptyline without talking to your doctor. If you suddenly stop taking amitriptyline, you may experience withdrawal symptoms such as nausea, headache, and lack of energy. Your doctor will probably decrease your dose gradually."}