{"other_information": "Keep all appointments with your doctor and the laboratory. Your doctor will order certain lab tests during your treatment to check your body's response to amphotericin B lipid complex injection.Do not let anyone else use your medication. Ask your pharmacist any questions you have about refilling your prescription.It is important for you to keep a written list of all of the prescription and nonprescription (over-the-counter) medicines you are taking, as well as any products such as vitamins, minerals, or other dietary supplements. You should bring this list with you each time you visit a doctor or if you are admitted to a hospital. It is also important information to carry with you in case of emergencies.", "other_uses": "This medication may be prescribed for other uses; ask your doctor or pharmacist for more information.", "if_i_forget": [], "special_dietary": "Unless your doctor tells you otherwise, continue your normal diet.", "overdose": [], "precautions": "Before receiving amphotericin B lipid complex injection,tell your doctor and pharmacist if you are allergic to amphotericin B, any other medications, or any of the ingredients in amphotericin B lipid complex injection. Ask your pharmacist for a list of the ingredients.tell your doctor and pharmacist what other prescription and nonprescription medications, vitamins, nutritional supplements, and herbal products you are taking or plan to take. Be sure to mention any of the following: aminoglycoside antibiotics such as amikacin, gentamicin, or tobramycin (Bethkis, Kitabis Pak, Tobi); antifungals such as clotrimazole, fluconazole (Diflucan), itraconazole (Onmel, Sporanox), ketoconazole (Extina, Nizoral, Xolegel), and miconazole (Oravig, Monistat); medications for the treatment of cancer; corticotropin (H.P. Acthar Gel); cyclosporine (Gengraf, Neoral, Sandimmune); digoxin (Lanoxin); flucytosine (Ancobon); pentamidine (Nebupent, Pentam); steroids taken orally such as dexamethasone, methylprednisolone (Medrol), and prednisone (Rayos); and zidovudine (Retrovir, in Combivir, in Trizivir). Your doctor may need to change the doses of your medications or monitor you carefully for side effects.tell your doctor if you are receiving leukocyte (white blood cell) transfusions.tell your doctor if you have or have ever had kidney disease.tell your doctor if you are pregnant, plan to become pregnant, or are breast-feeding. If you become pregnant while receiving amphotericin B lipid complex injection, call your doctor. Do not breast-feed while receiving amphotericin B complex lipid injection.if you are having surgery, including dental surgery, tell the doctor or dentist that you are receiving amphotericin B lipid complex injection.", "why": "Amphotericin B lipid complex injection is used to treat serious, possibly life-threatening fungal infections in people who did not respond or are unable to tolerate conventional amphotericin B therapy. Amphotericin B lipid complex injection is in a class of medications called antifungals. It works by slowing the growth of fungi that cause infection.", "storage_conditions": [], "title": "Amphotericin B Lipid Complex Injection", "side_effects": "Amphotericin B lipid complex injection may cause side effects. Tell your doctor if any of these symptoms are severe or do not go away:\r \r stomach pain or crampingheartburndiarrheaweight lossloss of appetitemuscle or joint paininjection site redness or swellingpale skinshortness of breathdizzinessheadachecoldness in the hands and feetSome side effects can be serious. If you experience any of these symptoms, call your doctor immediately or get emergency medical treatment:\r \r rashskin blisterswheezingdifficulty breathingitchingswelling of the face, throat, tongue, lips, eyesbloody vomitblack and tarry stoolsblood in stoolyellowing of the skin or eyesdecreased urinationAmphotericin B lipid complex injection may cause other side effects. Call your doctor if you have any unusual problems while receiving this medication.If you experience a serious side effect, you or your doctor may send a report to the Food and Drug Administration's (FDA) MedWatch Adverse Event Reporting program online (http://www.fda.gov/Safety/MedWatch) or by phone (1-800-332-1088).", "how": "Amphotericin B lipid complex injection comes as a suspension (liquid) to be injected intravenously (into a vein). It is usually infused (injected slowly) intravenously once daily. The length of your treatment depends on your general health, how you tolerate the medication, and the type of infection you have.You may experience a reaction while you receive a dose of amphotericin B lipid complex injection, usually happen 1 to 2 hours after starting your infusion. These reactions are usually more common and more severe with the first few doses of amphotericin B lipid complex. Your health care provider may prescribe other medications to decrease these side effects. Tell your doctor immediately if you experience any of these symptoms while you receive amphotericin B lipid complex injection: fever, chills, nausea, vomiting, shortness of breath, breathing problems, chest pain, dizziness, loss of consciousness, or fast, irregular, or pounding heartbeat.You may receive amphotericin B injection in a hospital or you may use the medication at home. If you will be using amphotericin B lipid complex injection at home, your healthcare provider will show you how to infuse the medication. Be sure that you understand these directions, and ask your healthcare provider if you have any questions. Ask your healthcare provider what to do if you have any problems infusing amphotericin B lipid complex injection.If your symptoms do not improve or get worse while receiving amphotericin B lipid complex, tell your doctor. If you still have symptoms of infection after you finish amphotericin B lipid complex injection, tell your doctor.Ask your pharmacist or doctor for a copy of the manufacturer's information for the patient."}