{"other_information": "Keep all appointments with your doctor and the laboratory. Your doctor may order certain lab tests to check your body's response to anastrozole.Do not let anyone else take your medication. Ask your pharmacist any questions you have about refilling your prescription.It is important for you to keep a written list of all of the prescription and nonprescription (over-the-counter) medicines you are taking, as well as any products such as vitamins, minerals, or other dietary supplements. You should bring this list with you each time you visit a doctor or if you are admitted to a hospital. It is also important information to carry with you in case of emergencies.", "other_uses": "Anastrozole is also sometimes used to prevent breast cancer in women who are at high risk of developing the disease. Talk to your doctor about the risks of using this drug for your condition.", "if_i_forget": "Take the missed dose as soon as you remember it. However, if it is almost time for the next dose, skip the missed dose and continue your regular dosing schedule. Do not take a double dose to make up for a missed one.", "special_dietary": "Unless your doctor tells you otherwise, continue your normal diet.", "overdose": "In case of overdose, call your local poison control center at 1-800-222-1222. If the victim has collapsed or is not breathing, call local emergency services at 911.", "precautions": "Before taking anastrozole,tell your doctor and pharmacist if you are allergic to anastrozole, or any other medications, or any of the ingredients in anastrozole. Ask your pharmacist for a list of the ingredients.tell your doctor and pharmacist what other prescription and nonprescription medications, vitamins, nutritional supplements, and herbal products you are taking or plan to take. Be sure to mention any of the following: medications that contain estrogen such as hormone replacement therapy (HRT) and hormonal contraceptives (birth control pills, patches, rings, and injections); raloxifene (Evista); and tamoxifen (Nolvadex). Your doctor may need to change the doses of your medications or monitor you carefully for side effects.tell your doctor if you have or have ever had high cholesterol, osteoporosis (condition in which the bones are fragile and break easily), liver, or heart disease.you should know that anastrozole should only be taken by women who have undergone menopause and cannot become pregnant. However, if you are pregnant or breast-feeding, you should tell your doctor before you begin taking this medication. Anastrozole may harm the fetus.", "why": "Anastrozole is used with other treatments, such as surgery or radiation, to treat early breast cancer in women who have experienced menopause (change of life; end of monthly menstrual periods). This medication is also used in women, who have experienced menopause, as a first treatment of breast cancer that has spread within the breast or to other areas of the body. This medication is also used to treat breast cancer in women whose breast cancer has worsened after taking tamoxifen (Nolvadex). Anastrozole is in a class of medications called nonsteroidal aromatase inhibitors. It works by decreasing the amount of estrogen the body makes. This can slow or stop the growth of many types of breast cancer cells that need estrogen to grow.", "storage_conditions": "Keep this medication in the container it came in, tightly closed, and out of reach of children. Store it at room temperature and away from excess heat and moisture (not in the bathroom). Throw away any medication that is outdated or no longer needed. Talk to your pharmacist about the proper disposal of your medication.", "title": "Anastrozole", "side_effects": "Anastrozole may cause side effects. Tell your doctor if any of these symptoms are severe or do not go away:\r \r weaknessheadachehot flashessweatingstomach painnauseavomitingloss of appetiteconstipationdiarrheaheartburnweight gainjoint, bone, or muscle painbreast painmood changesdepressiondifficulty falling asleep or staying asleepnervousnessdizzinessvaginal bleedingvaginal dryness or irritationpain, burning, or tingling in the hands or feetdry mouthhair thinningSome side effects can be serious. If you experience any of these symptoms, call your doctor immediately:\r \r chest painsore throat, cough, fever, chills, swollen glands, or other signs of infectionswelling, redness, or warmth in hand or armdifficult, painful, or urgent urinationblurred vision or vision changesyellowing of the skin or eyespain in the upper right part of the stomachskin lesions, ulcers, or blistersrashhivesitchingshortness of breathdifficulty swallowing or breathingswelling of the eyes, face, lips, tongue, throat, arms, hands, feet, ankles, or lower legsAnastrozole may cause or worsen osteoporosis. It can decrease the density of your bones and increase the chance of broken bones and fractures. Talk to your doctor about the risks of taking this medication and to find out what you can do to decrease these risks.Anastrozole may cause other side effects. Call your doctor if you have any unusual problems while taking this medication.If you experience a serious side effect, you or your doctor may send a report to the Food and Drug Administration's (FDA) MedWatch Adverse Event Reporting program online (http://www.fda.gov/Safety/MedWatch) or by phone (1-800-332-1088).", "how": "Anastrozole comes as a tablet to take by mouth. It is usually taken once a day with or without food. Take anastrozole at around the same time every day. Follow the directions on your prescription label carefully, and ask your doctor or pharmacist to explain any part you do not understand. Take anastrozole exactly as directed. Do not take more or less of it or take it more often than prescribed by your doctor.You may need to take anastrozole for several years or longer. Continue to take anastrozole even if you feel well. Do not stop taking anastrozole without talking to your doctor.Ask your pharmacist or doctor for a copy of the manufacturer's information for the patient."}