{"other_information": "Keep all appointments with your doctor and the laboratory. Your doctor will order certain lab tests to check your body's response to asparaginase <em>Erwinia chrysanthemi</em>.It is important for you to keep a written list of all of the prescription and nonprescription (over-the-counter) medicines you are taking, as well as any products such as vitamins, minerals, or other dietary supplements. You should bring this list with you each time you visit a doctor or if you are admitted to a hospital. It is also important information to carry with you in case of emergencies.", "other_uses": "This medication may be prescribed for other uses; ask your doctor or pharmacist for more information.", "if_i_forget": "If you miss an appointment to receive a dose of asparaginase <em>Erwinia chrysanthemi</em>, call your doctor right away.", "special_dietary": "Unless your doctor tells you otherwise, continue your normal diet.", "overdose": [], "precautions": "Before taking asparaginase <em>Erwinia chrysanthemi</em>,tell your doctor and pharmacist if you are allergic to asparaginase <em>Erwinia chrysanthemi</em>, any other medications, or any of the ingredients in asparaginase <em>Erwinia chrysanthemi</em> powder. Ask your pharmacist for a list of the ingredients.tell your doctor and pharmacist what prescription and nonprescription medications, vitamins, nutritional supplements, and herbal products you are taking or plan to take.tell your doctor if you have or have ever had pancreatitis (swelling of the pancreas), blood clots, or severe bleeding, especially if these happened during treatment with asparaginase (Elspar) or pegaspargase (Oncaspar). Your doctor probably will not want you to receive asparaginase <em>Erwinia chrysanthemi</em>.tell your doctor if you have or have ever had diabetes.tell your doctor if you are pregnant, plan to become pregnant, or are breast-feeding. If you become pregnant while receiving asparaginase <em>Erwinia chrysanthemi</em>, call your doctor.", "why": "Asparaginase <em>Erwinia chrysanthemi</em> is used with other chemotherapy medications to treat acute lymphocytic leukemia (ALL; a type of cancer of the white blood cells). It is used in patients who have had some types of allergic reactions to medications similar to asparaginase <em>Erwinia chrysanthemi</em> such as (asparaginase [Elspar] or pegaspargase [Oncaspar]). Asparaginase <em>Erwinia chrysanthemi</em> is an enzyme that interferes with natural substances necessary for cancer cell growth. It works by killing or stopping the growth of cancer cells.", "storage_conditions": [], "title": "Asparaginase Erwinia chrysanthemi", "side_effects": "Asparaginase  may cause side effects. Tell your doctor if any of these symptoms are severe or do not go away:\r \r nauseavomitingfeverSome side effects can be serious. If you experience any of these symptoms, call your doctor immediately or get emergency medical treatment:\r \r hivesrashitchingdifficulty breathing or swallowingongoing pain that begins in the stomach area, but may spread to the backextreme thirstfrequent urinationextreme hungerweaknessblurred visionheadachearm or leg swellingshortness of breathchest painunusual bleedingyellowing of the skin or eyespain in the upper right part of the stomachdark colored urineloss of appetitelack of energyseizureAsparaginase <em>Erwinia chrysanthemi</em> may cause other side effects. Call your doctor if you have any unusual problems while taking this medication.If you experience a serious side effect, you or your doctor may send a report to the Food and Drug Administration's (FDA) MedWatch Adverse Event Reporting program online (http://www.fda.gov/Safety/MedWatch) or by phone (1-800-332-1088).", "how": "Asparaginase <em>Erwinia chrysanthemi</em> comes as a powder to be added to fluid and injected into a muscle by a doctor or nurse in a medical facility. It is usually given three times a week."}