{"other_information": "If a young child accidentally eats azelastine, call a doctor or a poison control center immediately.Keep all appointments with your doctor.Do not let anyone else use your medication. Ask your pharmacist any questions you have about refilling your prescription.It is important for you to keep a written list of all of the prescription and nonprescription (over-the-counter) medicines you are taking, as well as any products such as vitamins, minerals, or other dietary supplements. You should bring this list with you each time you visit a doctor or if you are admitted to a hospital. It is also important information to carry with you in case of emergencies.", "other_uses": [], "if_i_forget": "Use the missed dose as soon as you remember it. However, if it is almost time for the next dose, skip the missed dose and continue your regular dosing schedule. Do not use a double dose to make up for a missed one.", "special_dietary": [], "overdose": [], "precautions": "Before using azelastine,tell your doctor and pharmacist if you are allergic to azelastine or any other drugs.tell your doctor and pharmacist what prescription and nonprescription medications you are taking, especially other cold and allergy products, antihistamines, and vitamins.tell your doctor if you are pregnant, plan to become pregnant, or are breast-feeding. If you become pregnant while using azelastine, call your doctor.if you are having surgery, including dental surgery, tell the doctor or dentist that you are using azelastine.you should know that this drug may make you drowsy. Do not drive a car or operate machinery until you know how this drug affects you.remember that alcohol can add to the drowsiness caused by this drug.", "why": "Azelastine, an antihistamine, is used to treat hay fever and allergy symptoms including runny nose, sneezing, and itchy nose.This medication is sometimes prescribed for other uses; ask your doctor or pharmacist for more information.", "storage_conditions": "Keep this medication in the container it came in, tightly closed, and out of reach of children. Store it at room temperature and away from excess heat and moisture (not in the bathroom). Throw away any medication that is outdated or no longer needed. Talk to your pharmacist about the proper disposal of your medication.", "title": "Azelastine Nasal Spray", "side_effects": "Azelastine may cause side effects. Tell your doctor if any of these symptoms are severe or do not go away:\r \r bitter tastetirednessweight increasemuscle painnasal burning", "how": "Azelastine comes as a nasal spray. Azelastine usually is sprayed in each nostril two times a day. Follow the directions on your prescription label carefully, and ask your doctor or pharmacist to explain any part you do not understand. Use azelastine exactly as directed. Do not use more or less of it or use it more often than prescribed by your doctor.Before using azelastine for the first time, remove the child-resistant screw cap and replace with the pump unit. Prime the delivery system (pump unit) with four sprays or until a fine mist appears. If 3 days or more have elapsed since your last use of the nasal spray, reprime the pump with two sprays or until a fine mist appears."}