{"other_information": "Ask your pharmacist any questions you have about basiliximab injection.It is important for you to keep a written list of all of the prescription and nonprescription (over-the-counter) medicines you are taking, as well as any products such as vitamins, minerals, or other dietary supplements. You should bring this list with you each time you visit a doctor or if you are admitted to a hospital. It is also important information to carry with you in case of emergencies.", "other_uses": "This medication may be prescribed for other uses; ask your doctor or pharmacist for more information.", "if_i_forget": [], "special_dietary": "Unless your doctor tells you otherwise, continue your normal diet.", "overdose": "In case of overdose, call your local poison control center at 1-800-222-1222. If the victim has collapsed or is not breathing, call local emergency services at 911.", "precautions": "Before receiving basiliximab injection,tell your doctor and pharmacist if you are allergic to basiliximab injection, any other medications, or any of the ingredients in basiliximab injection. Ask your pharmacist for a list of the ingredients.tell your doctor and pharmacist what other prescription and nonprescription medications, vitamins, nutritional supplements, and herbal products you are taking or plan to take. Your doctor may need to change the doses of your medications or monitor you carefully for side effects.tell your doctor if you have ever been treated with basiliximab injection in the past and if you have or have ever had any medical condition.tell your doctor if you are pregnant or plan to become pregnant. You should not become pregnant while receiving basiliximab injection. Talk to your doctor about birth control methods that you can use before beginning your treatment, during your treatment, and for 4 months after your treatment.tell your doctor if you are breast-feeding.do not have any vaccinations without talking to your doctor.", "why": "Basiliximab injection is used with other medications to prevent immediate transplant rejection (attack of the transplanted organ by the immune system of the person receiving the organ) in people who are receiving kidney transplants. Basiliximab injection is in a class of medications called immunosuppressants. It works by decreasing the activity of the body's immune system so it will not attack the transplanted organ.", "storage_conditions": [], "title": "Basiliximab Injection", "side_effects": "Basiliximab injection may cause side effects. Tell your doctor if any of these symptoms are severe or do not go away:\r \r nauseavomitingdiarrheaconstipationstomach painheartburnswelling of the hands, feet, ankles, or lower legsrunny noseheadacheshaking of a part of the body that you cannot controldifficulty falling asleep or staying asleeppain in the place where you received the injectionSome side effects can be serious. If you experience any of these symptoms, call your doctor immediately or get emergency medical treatment:\r \r hivesrashitchingsneezingcoughwheezingdifficulty breathing or swallowingfast heartbeatmuscle achesfatiguelightheadedness, dizziness, or faintingweight gain and swelling all over the bodysore throat, fever, chills, or other signs of infectiondifficult or painful urinationdecreased urinationBasiliximab injection may increase the risk of developing an infection or cancer. Talk to your doctor about the risks of taking this medication.Basiliximab injection may cause other side effects. Call your doctor if you have any unusual problems while taking this medication.If you experience a serious side effect, you or your doctor may send a report to the Food and Drug Administration's (FDA) MedWatch Adverse Event Reporting program online (http://www.fda.gov/Safety/MedWatch) or by phone (1-800-332-1088).", "how": "Basiliximab injection comes as a powder to be mixed with water and injected intravenously (into a vein) by a doctor or nurse in a hospital or medical facility. It is usually given as 2 doses. The first dose is usually given 2 hours before the transplant surgery, and the second dose is usually given 4 days after the transplant surgery."}