{"other_information": "Keep all appointments with your doctor and the laboratory. Your doctor will order certain lab tests to check your body's response to bedaquiline.Do not let anyone else take your medication. Ask your pharmacist any questions you have about refilling your prescription.It is important for you to keep a written list of all of the prescription and nonprescription (over-the-counter) medicines you are taking, as well as any products such as vitamins, minerals, or other dietary supplements. You should bring this list with you each time you visit a doctor or if you are admitted to a hospital. It is also important information to carry with you in case of emergencies.", "other_uses": "This medication may be prescribed for other uses; ask your doctor or pharmacist for more information.", "if_i_forget": "If you miss a dose during the first 2 weeks of your treatment, skip the missed dose and continue your regular dosing schedule. If you miss a dose during the remaining weeks of your treatment, take the missed dose as soon as you remember it. Do not take a double dose to make up for a missed one.", "special_dietary": "Talk to your doctor about eating grapefruit and drinking grapefruit juice while you are taking this medication.", "overdose": "In case of overdose, call your local poison control center at 1-800-222-1222. If the victim has collapsed or is not breathing, call local emergency services at 911.", "precautions": "Before taking bedaquiline,tell your doctor and pharmacist if you are allergic to bedaquiline, any other medications, or any of the ingredients in bedaquiline tablets. Ask your pharmacist or check the Medication Guide for a list of the ingredients.tell your doctor and pharmacist what prescription and nonprescription medications, vitamins, and nutritional supplements you are taking or plan to take. Be sure to mention the medications listed in the IMPORTANT WARNING section and any of the following: carbamazepine (Equetro, Tegretol, Teril, others); certain medications for human immunodeficiency virus (HIV) infection including efavirenz (Sustiva, in Atripla), indinavir (Crixivan), lopinavir (in Kaletra), nelfinavir (Viracept), ritonavir (Norvir, in Kaletra, in Viekira Pak); itraconazole (Onmel, Sporanox); ketoconazole (Nizoral); nefazodone; phenobarbital; phenytoin (Dilantin); rifabutin (Mycobutin); rifampin (Rifadin, Rimactane, in Rifamate, in Rifater); and rifapentine (Priftin). Your doctor may need to change the doses of your medications or monitor you carefully for side effects. Many other medications may also interact with bedaquiline, so be sure to tell your doctor about all the medications you are taking, even those that do not appear on this list.tell your doctor what herbal products you are taking, especially St. John's wort.tell your doctor if you have or have ever had HIV, or liver or kidney disease.<pregnancy>tell your doctor if you are pregnant, plan to become pregnant, or are breast-feeding. If you become pregnant while you are taking bedaquiline, call your doctor.</pregnancy>avoid drinking alcoholic beverages while you are taking bedaquiline. Drinking alcohol increases the risk that you will experience serious side effects from bedaquiline.", "why": "Bedaquiline is used along with at least three other medications to treat adults with multi-drug resistant tuberculosis (MDR-TB; a serious infection that affects the lungs and other parts of the body and that cannot be treated with at least two of the medications that are usually used to treat the condition) that has affected the lungs. Bedaquiline should not be used to treat TB that mainly affects other parts of the body. Bedaquiline is in a class of medications called anti-mycobacterials. It works by killing the bacteria that cause MDR-TB.", "storage_conditions": "Keep this medication in the container it came in, tightly closed, and out of reach of children. Store it at room temperature and away from light, excess heat and moisture (not in the bathroom). Unneeded medications should be disposed of in special ways to ensure that pets, children, and other people cannot consume them.  However, you should not flush this medication down the toilet. Instead, the best way to dispose of your medication is through a medicine take-back program. Talk to your pharmacist or contact your local garbage/recycling department to learn about take-back programs in your community.  See the FDA's Safe Disposal of Medicines website (http://goo.gl/c4Rm4p) for more information if you do not have access to a take-back program.", "title": "Bedaquiline", "side_effects": "Bedaquiline may cause side effects. Tell your doctor if any of these symptoms are severe or do not go away:\r \r joint painheadacherashSome side effects can be serious. If you experience any of these symptoms or those listed in the IMPORTANT WARNING section, call your doctor immediately or get emergency medical treatment:\r \r excessive tirednessloss of appetitenauseayellowing of the skin or eyesdark colored urinelight colored bowel movementspain in the upper right area of the stomachfevercoughing up bloodchest painBedaquiline may cause other side effects. Call your doctor if you have any unusual problems while taking this medication.If you experience a serious side effect, you or your doctor may send a report to the Food and Drug Administration's (FDA) MedWatch Adverse Event Reporting program online (http://www.fda.gov/Safety/MedWatch) or by phone (1-800-332-1088).", "how": "Bedaquiline comes as a tablet to take by mouth. It is usually taken with food once a day for 2 weeks and then three times a week for 22 weeks. When you are taking bedaquiline three times a week, allow at least 48 hours between doses. Take bedaquiline at the same time of day and on the same days of the week every week. Follow the directions on your prescription label carefully, and ask your doctor or pharmacist to explain any part you do not understand. Take bedaquiline exactly as directed. Do not take more or less of it or take it more often than prescribed by your doctor.Swallow the tablets whole with plenty of water.Continue to take bedaquiline until you finish the prescription and do not miss doses, even if you feel better. If you stop taking bedaquiline too soon or skip doses, your infection may not be completely treated and the bacteria may become resistant to antibiotics. This will make your infection harder to treat in the future. To make it easier for you to take all of your medication as directed, you may participate in a directly observed therapy program. In this program, a healthcare worker will give you each dose of medication and will watch as you swallow the medication."}