{"other_information": "Keep all appointments with your doctor and the laboratory. Your doctor will order certain lab tests to check your body's response to belinostat injection.Ask your doctor or pharmacist any questions you have about your medication.It is important for you to keep a written list of all of the prescription and nonprescription (over-the-counter) medicines you are taking, as well as any products such as vitamins, minerals, or other dietary supplements. You should bring this list with you each time you visit a doctor or if you are admitted to a hospital. It is also important information to carry with you in case of emergencies.", "other_uses": "This medication may be prescribed for other uses; ask your doctor or pharmacist for more information.", "if_i_forget": [], "special_dietary": "Unless your doctor tells you otherwise, continue your normal diet.", "overdose": "In case of overdose, call your local poison control center at 1-800-222-1222. If the victim has collapsed or is not breathing, call local emergency services at 911.", "precautions": "Before receiving belinostat injection,tell your doctor and pharmacist if you are allergic to belinostat injection, any other medications, or any of the ingredients in belinostat injection. Ask your pharmacist for a list of the ingredients.tell your doctor and pharmacist what other prescription and nonprescription medications, vitamins, nutritional supplements, and herbal products you are taking or plan to take or use. Be sure to mention any of the following: indinavir (Crixivan), ketoconazole (Nizoral), or ritonavir (Norvir, in Kaletra). Your doctor may need to change the doses of your medications or monitor you carefully for side effects.tell your doctor if you have previously received treatment with other chemotherapy medications or if you have or think you may have any type of infection now. Also tell your doctor if you have or have ever had kidney or liver disease.tell your doctor if you are pregnant, could be pregnant, or plan to become pregnant. You should not become pregnant while you are receiving belinostat injection. Talk to your doctor about birth control methods that you can use during your treatment. If you become pregnant while receiving belinostat injection, call your doctor immediately. Belinostat injection may harm the fetus.if you are having surgery, including dental surgery, tell the doctor or dentist that you are receiving belinostat injection.", "why": "Belinostat is used to treat peripheral T-cell lymphoma (PTCL; a form of cancer that begins in a certain type of cells in the immune system) that has not improved or that has come back after treatment with other medications. Belinostat is in a class of medications called histone deacetylase inhibitors. It works by killing cancer cells.", "storage_conditions": [], "title": "Belinostat Injection", "side_effects": "Belinostat injection may cause side effects. Tell your doctor if any of these symptoms are severe or do not go away:\r \r nauseadiarrheavomitingconstipationheadachetirednessdecreased appetitepain at the injection siteswelling of the hands, feet, or anklesSome side effects can be serious. If you experience any of these symptoms, call your doctor immediately:\r \r fever, cough, chills, muscle aches, flu-like symptoms, or other signs of infectionpainful, frequent, burning or difficult urinationunusual bleeding or bruisingdizzinessshortness of breathrashitchingpain in the right upper stomach areayellowing of the skin or eyesdark urineBelinostat injection may cause other side effects. Call your doctor if you have any unusual problems while receiving this medication.If you experience a serious side effect, you or your doctor may send a report to the Food and Drug Administration's (FDA) MedWatch Adverse Event Reporting program online (http://www.fda.gov/Safety/MedWatch) or by phone (1-800-332-1088).", "how": "Belinostat comes as a solution (liquid) to be injected intravenously (into a vein) by a doctor or nurse in a hospital or clinic. It is usually given over a period of 30 minutes once daily on days 1 to 5 of a 21-day cycle. Your treatment will probably continue until your condition worsens or you develop serious side effects.Your doctor may need to adjust your dose or stop your treatment if you experience certain side effects. Be sure to tell your doctor how you are feeling during your treatment with belinostat injection."}