{"other_information": "Keep all appointments with your doctor.Ask your pharmacist any questions you have about bezlotoxumab injection.It is important for you to keep a written list of all of the prescription and nonprescription (over-the-counter) medicines you are taking, as well as any products such as vitamins, minerals, or other dietary supplements. You should bring this list with you each time you visit a doctor or if you are admitted to a hospital. It is also important information to carry with you in case of emergencies.", "other_uses": "This medication may be prescribed for other uses; ask your doctor or pharmacist for more information.", "if_i_forget": [], "special_dietary": [], "overdose": "In case of overdose, call your local poison control center at 1-800-222-1222. If the victim has collapsed or is not breathing, call local emergency services at 911.", "precautions": "Before receiving bezlotoxumab injection,tell your doctor and pharmacist if you are allergic to bezlotoxumab, any other medications, or any of the ingredients in bezlotoxumab infusion. Ask your pharmacist for a list of the ingredients.tell your doctor and pharmacist what other prescription and nonprescription medications, vitamins, nutritional supplements, and herbal products you are taking or plan to take. Your doctor may need to change the doses of your medications or monitor you carefully for side effects.tell your doctor if you have or have ever had heart failure.tell your doctor if you are pregnant, plan to become pregnant, or are breastfeeding.", "why": "Bezlotoxumab injection is used to decrease the risk of <em>Clostridium difficile</em> infection (<em>C. difficile</em> or CDI; a type of bacteria that can cause severe or life-threatening diarrhea) from coming back in people at high risk for <em>C. difficile</em> infection. It is used along with an antibiotic to treat <em>C. difficile</em>. Bezlotoxumab is in a class of medications called monoclonal antibodies. It works by binding to a <em>C. difficile</em> toxin to stop its effects on the body.", "storage_conditions": [], "title": "Bezlotoxumab Injection", "side_effects": "Bezlotoxumab injection may cause side effects. Tell your doctor if any of these symptoms are severe or do not go away:\r \r nauseafeverSome side effects can be serious. If you experience any of these symptoms, call your doctor immediately:\r \r shortness of breath or trouble breathingswelling of the ankles, feet, leg, or stomachBezlotoxumab injection may cause other side effects. Call your doctor if you have any unusual problems while receiving this medication.If you experience a serious side effect, you or your doctor may send a report to the Food and Drug Administration's (FDA) MedWatch Adverse Event Reporting program online (http://www.fda.gov/Safety/MedWatch) or by phone (1-800-332-1088).", "how": "Bezlotoxumab comes as a solution (liquid) to be injected intravenously (into a vein) over 60 minutes. Bezlotoxumab is administered as a single dose by a doctor or nurse.Bezlotoxumab injection does not take the place of antibiotic treatment for <em>C. difficile</em> infection; continue your antibiotic treatment as directed by your doctor."}