{"other_information": "Keep all appointments with your doctor. Your blood pressure should be checked regularly to determine your response to bisoprolol. Your doctor may ask you to check your pulse (heart rate). Ask your pharmacist or doctor to teach you how to take your pulse. If your pulse is faster or slower than it should be, call your doctor.Do not let anyone else take your medication. Ask your pharmacist any questions you have about refilling your prescription.It is important for you to keep a written list of all of the prescription and nonprescription (over-the-counter) medicines you are taking, as well as any products such as vitamins, minerals, or other dietary supplements. You should bring this list with you each time you visit a doctor or if you are admitted to a hospital. It is also important information to carry with you in case of emergencies.", "other_uses": "Bisoprolol also is used sometimes to treat heart failure. Talk to your doctor about the possible risks of using this medication for your condition.", "if_i_forget": "Take the missed dose as soon as you remember it. However, if it is almost time for the next dose, skip the missed dose and continue your regular dosing schedule. Do not take a double dose to make up for a missed one.", "special_dietary": "If your doctor prescribes a low-salt or low-sodium diet, follow these directions carefully.", "overdose": "In case of overdose, call your local poison control center at 1-800-222-1222. If the victim has collapsed or is not breathing, call local emergency services at 911.Symptoms of overdose may include:\r \r swelling of the hands, feet, ankles, or lower legsunusual weight gaindifficulty breathing or swallowingdizzinessfaintingshakinesssweatingconfusionblurred visionheadachenumbness or tingling of the mouthweaknessextreme tirednesssudden hungerpale color", "precautions": "Before taking bisoprolol,tell your doctor and pharmacist if you are allergic to bisoprolol, any other medications, or any ingredients in bisoprolol tablets. Ask your pharmacist for a list of the ingredients.tell your doctor and pharmacist what prescription and nonprescription medications, vitamins, nutritional supplements, and herbal products you are taking. Be sure to mention any of the following: calcium channel blockers such as diltiazem (Cardizem, Cartia XT, Dilacor XR, Tiazac, others) and verapamil (Calan, Covera-HS, Verelan, in Tarka); clonidine (Catapres, Kapvay, in Clorpres); medications for irregular heartbeat such as disopyramide (Norpace); other beta blockers; reserpine; and rifampin (Rifadin, Rimactane, in Rifamate, in Rifater). Your doctor may need to change the doses of your medications or monitor you carefully for side effects.tell your doctor if you have or have ever had asthma or other lung diseases; a slow heart rate; heart failure; heart, liver, or kidney disease; diabetes; severe allergies; circulation problems; or hyperthyroidism (an overactive thyroid gland).tell your doctor if you are pregnant, plan to become pregnant, or are breast-feeding. If you become pregnant while taking bisoprolol, call your doctor.if you are having surgery, including dental surgery, tell the doctor or dentist that you are taking bisoprolol.you should know that bisoprolol may make you drowsy. Do not drive a car or operate machinery until you know how this medication affects you.remember that alcohol can add to the drowsiness caused by this medication.you should know that if you have allergic reactions to different substances, your reactions may be worse while you are using bisoprolol, and your allergic reactions may not respond to the usual doses of injectable epinephrine.", "why": "Bisoprolol is used alone or in combination with other medications to treat high blood pressure. Bisoprolol is in a class of medications called beta blockers. It works by relaxing blood vessels and slowing heart rate to improve and decrease blood pressure.High blood pressure is a common condition and when not treated, can cause damage to the brain, heart, blood vessels, kidneys and other parts of the body. Damage to these organs may cause heart disease, a heart attack, heart failure, stroke, kidney failure, loss of vision, and other problems. In addition to taking medication, making lifestyle changes will also help to control your blood pressure. These changes include eating a diet that is low in fat and salt, maintaining a healthy weight, exercising at least 30 minutes most days, not smoking, and using alcohol in moderation.", "storage_conditions": "Keep this medication in the container it came in, tightly closed, and out of reach of children. Store it at room temperature and away from excess heat and moisture (not in the bathroom). Throw away any medication that is outdated or no longer needed. Talk to your pharmacist about the proper disposal of your medication.", "title": "Bisoprolol", "side_effects": "Bisoprolol may cause side effects. Tell your doctor if any of these symptoms are severe or do not go away:\r \r excessive tirednessvomitingdiarrheamuscle achesrunny noseSome side effects can be serious. The following symptoms are uncommon, but if you experience any of them, call your doctor immediately:\r \r shortness of breathswelling of the hands, feet, ankles, or lower legsunusual weight gainfaintingBisoprolol may cause other side effects. Call your doctor if you have any unusual problems while taking this medication.If you experience a serious side effect, you or your doctor may send a report to the Food and Drug Administration's (FDA) MedWatch Adverse Event Reporting program online (http://www.fda.gov/Safety/MedWatch) or by phone (1-800-332-1088).", "how": "Bisoprolol comes as a tablet to take by mouth. It is usually taken once a day. To help you remember to take bisoprolol, take it around the same time every day. Follow the directions on your prescription label carefully, and ask your doctor or pharmacist to explain any part you do not understand. Take bisoprolol exactly as directed. Do not take more or less of it or take it more often than prescribed by your doctor.Your doctor will probably start you on a low dose of bisoprolol and gradually increase your dose.Bisoprolol controls high blood pressure but does not cure it. It may take a few weeks before you feel the full benefit of bisoprolol. Continue to take bisoprolol even if you feel well. Do not stop taking bisoprolol without talking to your doctor. Suddenly stopping bisoprolol may cause angina (chest pain), heart attack, or irregular heartbeat. Your doctor will probably decrease your dose gradually."}