{"other_information": "Do not let anyone else take your medication. Ask your doctor any questions you have about refilling your prescription.It is important for you to keep a written list of all of the prescription and nonprescription (over-the-counter) medicines you are taking, as well as any products such as vitamins, minerals, or other dietary supplements. You should bring this list with you each time you visit a doctor or if you are admitted to a hospital. It is also important information to carry with you in case of emergencies.", "other_uses": "This medication may be prescribed for other uses; ask your doctor or pharmacist for more information.", "if_i_forget": "Take the missed dose as soon as you remember it. However, if it is almost time for the next dose, skip the missed dose and continue your regular dosing schedule. Do not take a double dose to make up for a missed one.", "special_dietary": "Talk to your doctor about drinking grapefruit juice while taking this medication.", "overdose": "In case of overdose, call your local poison control center at 1-800-222-1222. If the victim has collapsed or is not breathing, call local emergency services at 911.Symptoms of overdose may include the following:\r \r headacheupset stomachvomitingfast heartbeatfaintingdizzinessblurred vision", "precautions": "Before taking bosentan,tell your doctor and pharmacist if you are allergic to bosentan, any other medications, or corn.do not take cyclosporine (Sandimmune, Neoral) or glyburide (DiaBeta, Glynase, Micronase, others) while taking bosentan.tell your doctor and pharmacist what other prescription and nonprescription medications, vitamins, nutritional supplements, and herbal products you are taking. Be sure to mention any of the following: anticoagulants ('blood thinners') such as warfarin; cholesterol-lowering medications (statins) such as atorvastatin (Lipitor), fluvastatin (Lescol), lovastatin (Mevacor), pravastatin (Pravachol), and simvastatin (Zocor); gemfibrozil (Lopid); hormonal contraceptives (birth control pills patches, rings, shots, implants, and intrauterine devices); ketoconazole (Nizoral); and medications for diabetes. Many other medications may also interact with bosentan, so be sure to tell your doctor about all the medications you are taking, even those that do not appear on this list. Your doctor may need to change the doses of your medications or monitor you carefully for side effects.tell your doctor if you have or have ever had anemia (condition in which red blood cells do not bring enough oxygen to the organs) or heart disease.", "why": "Bosentan is used to treat pulmonary arterial hypertension (PAH, high blood pressure in the vessels that carry blood to the lungs). Bosentan may improve the ability to exercise and slow the worsening of symptoms in patients with PAH. Bosentan is in a class of medications called endothelin receptor antagonists. It works by stopping the action of endothelin, a natural substance that causes blood vessels to narrow and prevents normal blood flow in people who have PAH.", "storage_conditions": "Keep this medication in the container it came in, tightly closed, and out of reach of children. Store it at room temperature and away from excess heat and moisture (not in the bathroom).Unneeded medications should be disposed of in special ways to ensure that pets, children, and other people cannot consume them.  However, you should not flush this medication down the toilet. Instead, the best way to dispose of your medication is through a medicine take-back program. Talk to your pharmacist or contact your local garbage/recycling department to learn about take-back programs in your community.  See the FDA's Safe Disposal of Medicines website (http://goo.gl/c4Rm4p) for more information if you do not have access to a take-back program.", "title": "Bosentan", "side_effects": "Bosentan may cause side effects. Tell your doctor if any of these symptoms are severe or do not go away:\r \r headacheflushingrunny nose, sore throat, and other cold symptomsheartburnSome side effects can be serious. The following symptoms are uncommon, but if you experience any of them or those listed in the IMPORTANT WARNING section, call your doctor immediately or get emergency medical treatment:\r \r hivesrashitchingdifficulty breathing or swallowingfeverswollen lymph nodestirednessunexplained weight lossswelling of the arms, hands, feet, ankles, or lower legssudden weight gainfast, pounding, or irregular heartbeatfaintingdizzinessblurred visionpale skinconfusionshortness of breathweaknessMale laboratory animals who were given medications similar to bosentan developed problems with their testicles and produced fewer sperm (male reproductive cells) than normal. It is not known if bosentan will damage the testicles or decrease the number of sperm produced in men. Talk to your doctor about the risks of taking bosentan if you would like to have children in the future.Bosentan may cause other side effects. Call your doctor if you have any unusual problems while taking this medication.If you experience a serious side effect, you or your doctor may send a report to the Food and Drug Administration's (FDA) MedWatch Adverse Event Reporting program online (http://www.fda.gov/Safety/MedWatch) or by phone (1-800-332-1088).", "how": "Bosentan comes as a tablet to take by mouth. It is usually taken with or without food twice a day in the morning and evening. To help you remember to take bosentan, take it at around the same times every day. Follow the directions on your prescription label carefully, and ask your doctor or pharmacist to explain any part you do not understand. Take bosentan exactly as directed. Do not take more or less of it or take it more often than prescribed by your doctor.Your doctor will probably start you on a low dose of bosentan and increase your dose after 4 weeks.Bosentan controls the symptoms of PAH but does not cure it. It may take 1 to 2 months or longer before you feel the full benefit of bosentan. Continue to take bosentan even if you feel well. Do not stop taking bosentan without talking to your doctor. If you suddenly stop taking bosentan, your symptoms may get worse. Your doctor may decrease your dose gradually."}