{"other_information": "Keep all appointments with your doctor and the laboratory. Your doctor may order certain lab tests to check your response to cefadroxil.Before having any laboratory test, tell your doctor and the laboratory personnel that you are taking cefadroxil.If you are diabetic, and test your urine for sugar, use Clinistix or TesTape (not Clinitest) to test your urine while taking this medication..Do not let anyone else take your medication. Your prescription is probably not refillable.It is important for you to keep a written list of all of the prescription and nonprescription (over-the-counter) medicines you are taking, as well as any products such as vitamins, minerals, or other dietary supplements. You should bring this list with you each time you visit a doctor or if you are admitted to a hospital. It is also important information to carry with you in case of emergencies.", "other_uses": "Cefadroxil is also sometimes used for certain penicillin allergic patients who have a heart condition and are having a dental or upper respiratory tract (nose, mouth, throat, voice box) procedure, in order to prevent them from developing a heart valve infection.", "if_i_forget": "Take the missed dose as soon as you remember it. However, if it is almost time for the next dose, skip the missed dose and continue your regular dosing schedule. Do not take a double dose to make up for a missed one.", "special_dietary": "Unless your doctor tells you otherwise, continue your normal diet.", "overdose": "In case of overdose, call your local poison control center at 1-800-222-1222. If the victim has collapsed or is not breathing, call local emergency services at 911.", "precautions": "Before taking cefadroxil,tell your doctor and pharmacist if you are allergic to cefadroxil; other cephalosporin antibiotic such as cefaclor , cefazolin (Ancef, Kefzol), cefdinir, cefditoren (Spectracef), cefepime (Maxipime), cefixime (Suprax), cefotaxime (Claforan), cefotetan, cefoxitin (Mefoxin), cefpodoxime, cefprozil, ceftaroline (Teflaro), ceftazidime (Fortaz, Tazicef, in Avycaz), ceftibuten (Cedax), ceftriaxone (Rocephin), cefuroxime (Zinacef), or cephalexin (Keflex); penicillin antibiotics, or any other medications. Also tell your doctor if you are allergic to any of the ingredients in cefadroxil capsules, tablets, or suspension.Ask your pharmacist for a list of the ingredients.tell your doctor and pharmacist what prescription and nonprescription medications, vitamins, nutritional supplements, and herbal products you are taking or plan to take. Your doctor may need to change the doses of your medications or monitor you carefully for side effects.tell your doctor if you have or have ever had gastrointestinal disease (GI; affecting the stomach or intestines), especially colitis (condition that causes swelling in the lining of the colon [large intestine]),or kidney disease.tell your doctor if you are pregnant, plan to become pregnant, or are breastfeeding. If you become pregnant while taking cefadroxil, call your doctor.", "why": "Cefadroxil is used to treat certain infections caused by bacteria such as infections of the skin, throat, tonsils, and urinary tract. Cephalexin is in a class of medications called cephalosporin antibiotics. It works by killing bacteria.Antibiotics such as cefadroxil will not work for colds, flu, or other viral infections. Using antibiotics when they are not needed increases your risk of getting an infection later that resists antibiotic treatment.", "storage_conditions": "Keep this medication in the container it came in, tightly closed, and out of reach of children. Store the capsules and tablets at room temperature and away from excess heat and moisture (not in the bathroom). Keep liquid medicine in the refrigerator, tightly closed, and dispose of any unused medication after 14 days. . .Unneeded medications should be disposed of in special ways to ensure that pets, children, and other people cannot consume them.  However, you should not flush this medication down the toilet. Instead, the best way to dispose of your medication is through a medicine take-back program. Talk to your pharmacist or contact your local garbage/recycling department to learn about take-back programs in your community.  See the FDA's Safe Disposal of Medicines website (http://goo.gl/c4Rm4p) for more information if you do not have access to a take-back program.", "title": "Cefadroxil", "side_effects": "Cefadroxil may cause side effects. Tell your doctor if any of these symptoms are severe or do not go away:\r \r diarrheavomitinggenital itchingSome side effects can be serious. If you experience any of the following symptoms, call your doctor immediately or get emergency medical treatment:\r \r watery or bloody stools, stomach cramps, or fever during treatment or for up to two or more months after stopping treatmentrashitchinghivesdifficulty breathing or swallowingwheezingswelling of the face, throat, tongue, lips, and eyesa return of sore throat, chills or other signs of infectionyellowing of your skin or eyespain in the upper right part of your stomachdark urineclay colored or white stoolsIf you experience a serious side effect, you or your doctor may send a report to the Food and Drug Administration's (FDA) MedWatch Adverse Event Reporting program online (http://www.fda.gov/Safety/MedWatch) or by phone (1-800-332-1088).", "how": "Cefadroxil comes as a capsule, tablet, and suspension (liquid) to take by mouth. It is usually taken with or without food every 12 or 24 hours . Take cefadroxil at around the same times every day. Follow the directions on your prescription label carefully, and ask your doctor or pharmacist to explain any part you do not understand. Take cefadroxil exactly as directed. Do not take more or less of it or take it more often than prescribed by your doctor.Take cefadroxil with food to reduce nausea and stomach upset.Shake the suspension well before each use to mix the medication evenly.You should begin to feel better during the first few days of treatment with cefadroxil. If your symptoms do not improve or get worse, call your doctor.Continue to take cefadroxil until you finish the prescription even if you feel better. If you stop taking cefadroxil too soon or skip doses, your infection may not be completely treated and the bacteria may become resistant to antibiotics."}