{"other_information": "Ask your pharmacist any questions you have about chlorpheniramine.It is important for you to keep a written list of all of the prescription and nonprescription (over-the-counter) medicines you are taking, as well as any products such as vitamins, minerals, or other dietary supplements. You should bring this list with you each time you visit a doctor or if you are admitted to a hospital. It is also important information to carry with you in case of emergencies.", "other_uses": "This medication is sometimes prescribed for other uses; ask your doctor or pharmacist for more information.", "if_i_forget": "Chlorpheniramine is usually taken as needed. If your doctor has told you to take chlorpheniramine regularly, take the missed dose as soon as you remember it. However, if it is almost time for the next dose, skip the missed dose and continue your regular dosing schedule. Do not take a double dose to make up for a missed one.", "special_dietary": "Unless your doctor tells you otherwise, continue your normal diet.", "overdose": "In case of overdose, call your local poison control center at 1-800-222-1222. If the victim has collapsed or is not breathing, call local emergency services at 911.", "precautions": "Before taking chlorpheniramine,tell your doctor and pharmacist if you are allergic to chlorpheniramine, any other medications, or any of the ingredients in the chlorpheniramine product you plan to use. Check the package label for a list of the ingredients.tell your doctor and pharmacist what prescription and nonprescription medications, vitamins, nutritional supplements, and herbal products you are taking or plan to take. Be sure to mention any of the following: other medications for colds, hay fever, or allergies; medications for anxiety, depression, or seizures; muscle relaxants; narcotic medications for pain; sedatives; sleeping pills; and tranquilizers.tell your doctor if you have or have ever had asthma, emphysema, chronic bronchitis, or other types of lung disease; glaucoma (a condition in which increased pressure in the eye can lead to gradual loss of vision); ulcers; diabetes; difficulty urinating (due to an enlarged prostate gland); heart disease; high blood pressure; seizures; or an overactive thyroid gland.tell your doctor if you are pregnant, plan to become pregnant, or are breast-feeding. If you become pregnant while taking chlorpheniramine, call your doctor.if you are having surgery, including dental surgery, tell the doctor or dentist that you are taking chlorpheniramine.you should know that this medication may make you drowsy. Do not drive a car or operate machinery until you know how this medication affects you.ask your doctor about the safe use of alcohol while you are taking chlorpheniramine. Alcohol can make the side effects of chlorpheniramine worse.", "why": "Chlorpheniramine relieves red, itchy, watery eyes; sneezing; itchy nose or throat; and runny nose caused by allergies, hay fever, and the common cold. Chlorpheniramine helps control the symptoms of cold or allergies but will not treat the cause of the symptoms or speed recovery. Chlorpheniramine is in a class of medications called antihistamines. It works by blocking the action of histamine, a substance in the body that causes allergic symptoms.", "storage_conditions": "Keep this medication in the container it came in, tightly closed, and out of reach of children. Store it at room temperature and away from excess heat and moisture (not in the bathroom).Unneeded medications should be disposed of in special ways to ensure that pets, children, and other people cannot consume them.  However, you should not flush this medication down the toilet. Instead, the best way to dispose of your medication is through a medicine take-back program. Talk to your pharmacist or contact your local garbage/recycling department to learn about take-back programs in your community.  See the FDA's Safe Disposal of Medicines website (http://goo.gl/c4Rm4p) for more information if you do not have access to a take-back program.", "title": "Chlorpheniramine", "side_effects": "Chlorpheniramine may cause side effects. Tell your doctor if any of these symptoms are severe or do not go away:\r \r drowsinessdry mouth, nose, and throatnauseavomitingloss of appetiteconstipationheadacheincreased chest congestionSome side effects can be serious. If you experience any of the following symptoms, call your doctor immediately:\r \r vision problemsdifficulty urinatingIf you experience a serious side effect, you or your doctor may send a report to the Food and Drug Administration's (FDA) MedWatch Adverse Event Reporting program online (http://www.fda.gov/Safety/MedWatch) or by phone (1-800-332-1088).", "how": "Chlorpheniramine comes as a tablet, a capsule, an extended-release (long-acting) tablet and capsule, a chewable tablet, and a liquid to take by mouth. The regular capsules and tablets, chewable tablets, and liquid are usually taken every 4 to 6 hours as needed. The extended-release (long-acting) tablets and capsules are usually taken twice a day in the morning and evening as needed. Follow the directions on your prescription label carefully, and ask your doctor or pharmacist to explain any part you do not understand. Take chlorpheniramine exactly as directed. Do not take more or less of it or take it more often than prescribed by your doctor.Chlorpheniramine comes alone and in combination with fever and pain reducers, expectorants, cough suppressants, and decongestants. Ask your doctor or pharmacist for advice on which product is best for your symptoms. Check nonprescription cough and cold product labels carefully before using 2 or more products at the same time. These products may contain the same active ingredient(s) and taking them together could cause you to receive an overdose.This is especially important if you will be giving cough and cold medications to a child.Nonprescription cough and cold combination products, including products that contain chlorpheniramine, can cause serious side effects or death in young children. Do not give these products to children younger than 4 years of age. If you give these products to children 4-11 years of age, use caution and follow the package directions carefully.If you are giving chlorpheniramine or a combination product that contains chlorpheniramine to a child, read the package label carefully to be sure that it is the right product for a child of that age. Do not give chlorpheniramine products that are made for adults to children.Before you give a chlorpheniramine product to a child, check the package label to find out how much medication the child should receive. Give the dose that matches the child's age on the chart. Ask the child's doctor if you don't know how much medication to give the child.If you are taking the liquid, do not use a household spoon to measure your dose. Use the measuring spoon or cup that came with the medication or use a spoon made especially for measuring medication.If you are using the extended-release tablets or capsules, swallow them whole. Do not break, crush, chew, or open them."}