{"other_information": "Keep all appointments with your doctor.Do not let anyone else take your medication. Ask your pharmacist any questions you have about refilling your prescription.It is important for you to keep a written list of all of the prescription and nonprescription (over-the-counter) medicines you are taking, as well as any products such as vitamins, minerals, or other dietary supplements. You should bring this list with you each time you visit a doctor or if you are admitted to a hospital. It is also important information to carry with you in case of emergencies.", "other_uses": "This medication may be prescribed for other uses; ask your doctor or pharmacist for more information.", "if_i_forget": "If you take several doses per day and miss a dose, skip the missed dose and continue your regular dosing schedule. Do not take a double dose to make up for a missed one.", "special_dietary": [], "overdose": "In case of overdose, call your local poison control center at 1-800-222-1222. If the victim has collapsed or is not breathing, call local emergency services at 911.", "precautions": "Before taking chlordiazepoxide and clidinium bromide,tell your doctor and pharmacist if you are allergic to chlordiazepoxide, clidinium , alprazolam (Xanax), clonazepam (Klonopin), clorazepate (Tranxene), diazepam (Valium), estazolam (ProSom), flurazepam (Dalmane), lorazepam (Ativan), oxazepam (Serax), prazepam (Centrax), temazepam (Restoril), triazolam (Halcion), or any other drugs.tell your doctor and pharmacist what prescription and nonprescription drugs you are taking, especially amantadine (Symadine, Symmetrel); antihistamines; atenolol (Tenormin); cimetidine (Tagamet); digoxin (Lanoxin); disulfiram (Antabuse); fluoxetine (Prozac); isoniazid (INH, Laniazid, Nydrazid); ketoconazole (Nizoral); levodopa (Larodopa, Sinemet); medications for depression, thyroid, high blood pressure, seizures, Parkinson's disease, asthma, colds, or allergies; oral contraceptives; muscle relaxants; probenecid (Benemid, Probalan); propoxyphene (Darvon); propranolol (Inderal); rifampin (Rifadin); sedatives; theophylline (Theo-Dur); tranquilizers; sleeping pills; valproic acid (Depakene); or vitamins. These medications may add to the drowsiness caused by chlordiazepoxide and clidinium bromide.tell your doctor if you have or have ever had glaucoma; prostate problems; high blood pressure; seizures; or lung, thyroid, kidney, heart, or liver disease.tell your doctor if you are pregnant, plan to become pregnant, or are breast-feeding. If you become pregnant while taking this medication, call your doctor immediately.talk to your doctor about the risks and benefits of taking chlordiazepoxide and clidinium bromide if you are 65 years of age or older. Older adults should not usually take chlordiazepoxide and clidinium bromide because it is not as safe or effective as other medication(s) that can be used to treat the same condition.if you are having surgery, including dental surgery, tell the doctor or dentist that you are taking chlordiazepoxide and clidinium bromide.you should know that this medication may make you drowsy. Do not drive a car or operate machinery until you know how it affects you.ask your doctor about the safe use of alcohol while you are taking this medication. Alcohol can make the side effects of this medication worse.tell your doctor if you use tobacco products. Cigarette smoking may decrease the effectiveness of this medication.", "why": "The combination of chlordiazepoxide and clidinium bromide is used to treat peptic ulcers and irritable bowel syndrome. It helps relieve stomach spasms and abdominal cramps.", "storage_conditions": "Keep this medication in the container it came in, tightly closed, and out of reach of children. Store it at room temperature and away from excess heat and moisture (not in the bathroom).Unneeded medications should be disposed of in special ways to ensure that pets, children, and other people cannot consume them.  However, you should not flush this medication down the toilet. Instead, the best way to dispose of your medication is through a medicine take-back program. Talk to your pharmacist or contact your local garbage/recycling department to learn about take-back programs in your community.  See the FDA's Safe Disposal of Medicines website (http://goo.gl/c4Rm4p) for more information if you do not have access to a take-back program.", "title": "Chlordiazepoxide and Clidinium", "side_effects": "Side effects from chlordiazepoxide and clidinium bromide are common and include:\r \r upset stomachdrowsinessweakness or tirednessexcitementsleeplessnessdry mouthheartburnbloated feelingeyes more sensitive to sunlight than usualtaste changeschanges in appetiteTell your doctor if any of these symptoms are severe or do not go away:\r \r constipationdifficulty urinatingfrequent urinationblurred visiondilated pupilschanges in sex drive or abilityIf you experience any of the following symptoms, call your doctor immediately:\r \r jaw, neck, and back muscle spasmsslow or difficult speechshuffling walkpersistent, fine tremor or inability to sit stillfeverdifficulty breathing or swallowingsevere skin rashyellowing of the skin or eyesirregular heartbeatIf you experience a serious side effect, you or your doctor may send a report to the Food and Drug Administration's (FDA) MedWatch Adverse Event Reporting program online (http://www.fda.gov/Safety/MedWatch) or by phone (1-800-332-1088).", "how": "The combination of chlordiazepoxide and clidinium bromide comes as a capsule to be taken by mouth. It usually is taken three or four times a day, before meals and at bedtime. Follow the directions on your prescription label carefully, and ask your doctor or pharmacist to explain any part you do not understand. Take chlordiazepoxide and clidinium bromide exactly as directed.Chlordiazepoxide can be habit-forming. Therefore, when taking chlordiazepoxide and clidinium bromide, do not take a larger dose, take it more often, or for a longer time than your doctor tells you to. Tolerance may develop with long-term or excessive use, making this medication less effective. This medication must be taken regularly to be effective. Do not skip doses even if you feel that you do not need them. Do not take chlordiazepoxide and clidinium bromide for more than 4 months or stop taking this medication without talking to your doctor. Stopping the drug suddenly can worsen your condition and cause withdrawal symptoms (anxiousness, sleeplessness, and irritability). Your doctor probably will decrease your dose gradually."}