{"other_information": "Keep all appointments with your doctor and the laboratory. Your blood pressure should be checked regularly, and blood tests should be done occasionally.Before having any laboratory test, tell your doctor and the laboratory personnel that you are taking chlorothiazide.Do not let anyone else take your medicine. Ask your pharmacist any questions you have about refilling your prescription.It is important for you to keep a written list of all of the prescription and nonprescription (over-the-counter) medicines you are taking, as well as any products such as vitamins, minerals, or other dietary supplements. You should bring this list with you each time you visit a doctor or if you are admitted to a hospital. It is also important information to carry with you in case of emergencies.", "other_uses": "Chlorothiazide may also be used to treat patients with diabetes insipidus and certain electrolyte disturbances and to prevent kidney stones in patients with high levels of calcium in their blood. Talk to your doctor about the possible risks of using this medicine for your condition.", "if_i_forget": "Take the missed dose as soon as you remember it. However, if it is almost time for your next dose, skip the missed dose and continue your regular dosing schedule. Do not take a double dose to make up for a missed one.", "special_dietary": "If your doctor prescribes a low-salt or low-sodium diet, or to eat or drink increased amounts of potassium-rich foods (e.g., bananas, prunes, raisins, and orange juice) in your diet, follow these instructions carefully.", "overdose": "In case of overdose, call your local poison control center at 1-800-222-1222. If the victim has collapsed or is not breathing, call local emergency services at 911.", "precautions": "Before taking chlorothiazide,tell your doctor and pharmacist if you are allergic to chlorothiazide, sulfonamide antibiotic medications, penicillin, any other medications, or any of the ingredients in chlorothiazide tablets or suspension. Ask your pharmacist or check the patient information for a list of the ingredients.tell your doctor and pharmacist what prescription and nonprescription medications, vitamins, nutritional supplements, and herbal products you are taking or plan to take. Be sure to mention any of the following: barbiturates such as phenobarbital and secobarbital (Seconal); corticosteroids such as betamethasone (Celestone), budesonide (Entocort), cortisone (Cortone), dexamethasone (Decadron, Dexpak, Dexasone, others), fludrocortisone (Floriner), hydrocortisone (Cortef, Hydrocortone), methylprednisolone (Medrol), prednisolone (Prelone, others), prednisone (Deltasone, Meticorten, Sterapred, others), and triamcinolone (Aristocort, Azmacort); corticotropin (ACTH H.P., Acthar Gel); digoxin (Lanoxin); insulin and oral medications for diabetes, lithium (Lithobid), medications for high blood pressure or pain; and nonsteroidal anti-inflammatory drugs (NSAIDs) such as ibuprofen (Advil, Motrin, others) and naproxen (Aleve, Naprosyn, others). Your doctor may need to change the doses of your medications or monitor you carefully for side effects.if you are taking cholestyramine or colestipol, take them 1 hour before or 4 hours after taking chlorothiazide.tell your doctor if you have kidney disease. Your doctor may tell you not to take chlorothiazide.tell your doctor if you have or have ever had asthma, diabetes, high cholesterol, systemic lupus erythematosus (SLE, a chronic inflammatory condition), gout, or liver, or parathyroid disease.tell your doctor if you are pregnant, plan to become pregnant, or are breastfeeding. If you become pregnant while taking chlorothiazide, call your doctor immediately.plan to avoid unnecessary or prolonged exposure to sunlight and to wear protective clothing, sunglasses, and sunscreen. Chlorothiazide may make your skin sensitive to sunlight.you should know that chlorothiazide may cause dizziness, lightheadedness, and fainting when you get up too quickly from a lying position. This is more common when you first start taking chlorothiazide. To avoid this problem, get out of bed slowly, resting your feet on the floor for a few minutes before standing up. Alcohol can add to these side effects.", "why": "Chlorothiazide is used alone or in combination with other medications to treat high blood pressure. Chlorothiazide is used to treat edema (fluid retention; excess fluid held in body tissues) caused by various medical problems, including heart, kidney, and liver disease and to treat edema caused by using certain medications including estrogen and corticosteroids. Chlorothiazide is in a class of medications called diuretics ('water pills'). It works by causing the kidneys to get rid of unneeded water and salt from the body into the urine.High blood pressure is a common condition, and when not treated it can cause damage to the brain, heart, blood vessels, kidneys, and other parts of the body. Damage to these organs may cause heart disease, a heart attack, heart failure, stroke, kidney failure, loss of vision, and other problems. In addition to taking medication, making lifestyle changes will also help to control your blood pressure. These changes include eating a diet that is low in fat and salt, maintaining a healthy weight, exercising at least 30 minutes most days, not smoking, and using alcohol in moderation.", "storage_conditions": "Keep this medicine in the container it came in, tightly closed, and out of reach of children. Store it at room temperature and away from excess heat and moisture (not in the bathroom). Do not let the oral suspension freeze. Throw away any medicine that is outdated or no longer needed. Talk to your pharmacist about the proper disposal of your medicine.", "title": "Chlorothiazide", "side_effects": "Tell your doctor if any of these symptoms are severe or do not go away:\r \r frequent urinationmuscle spasmsblurred visionconstipationdiarrheavomitingloss of appetiteheadachehair lossSome side effects can be serious. If you experience any of these symptoms, call your doctor immediately or seek emergency medical treatment:\r \r dry mouth; thirst; nausea; vomiting; weakness, tiredness; drowsiness; restlessness; confusion; muscle weakness, pain, or cramps; fast heartbeat and other signs of dehydration and electrolyte imbalancefeverblisters or peeling skindifficulty breathing or swallowinghivesrashitchingyellowing of the skin or eyesIf you experience a serious side effect, you or your doctor may send a report to the Food and Drug Administration's (FDA) MedWatch Adverse Event Reporting program online (http://www.fda.gov/Safety/MedWatch) or by phone (1-800-332-1088).", "how": "Chlorothiazide comes as a tablet and suspension (liquid) to take by mouth. It usually is taken once or twice a day. When used to treat hypertension, take chlorothiazide around the same time(s) every day. When used to treat edema, chlorothiazide may be taken daily or only on certain days of the week. Take this medication with meals or a snack. Follow the directions on your prescription label carefully, and ask your doctor or pharmacist to explain any part you do not understand. Take chlorothiazide exactly as directed. Do not take more or less of it or take it more often than prescribed by your doctor.Chlorothizide controls high blood pressure and edema but does not cure these conditions. Continue to take chlorothiazide even if you feel well. Do not stop taking chlorothiazide without talking to your doctor."}