{"other_information": "Keep all appointments with your eye doctor. You should have regularly scheduled eye exams during your treatment with cidofovir injection.Ask your pharmacist any questions you have about cidofovir injection.It is important for you to keep a written list of all of the prescription and nonprescription (over-the-counter) medicines you are taking, as well as any products such as vitamins, minerals, or other dietary supplements. You should bring this list with you each time you visit a doctor or if you are admitted to a hospital. It is also important information to carry with you in case of emergencies.", "other_uses": "This medication may be prescribed for other uses; ask your doctor or pharmacist for more information.", "if_i_forget": [], "special_dietary": "Unless your doctor tells you otherwise, continue your normal diet.", "overdose": "In case of overdose, call your local poison control center at 1-800-222-1222. If the victim has collapsed or is not breathing, call local emergency services at 911.", "precautions": "Before using cidofovir injection,tell your doctor and pharmacist if you are allergic to cidofovir, probenecid (Probalan, in Col-Probenecid), sulfa-containing medications, any other medications, or any of the ingredients in cidofovir injection. Ask your pharmacist for a list of the ingredients.tell your doctor and pharmacist what other prescription and nonprescription medications, vitamins, nutritional supplements, and herbal products you are taking or plan to take. Be sure to mention the medications listed in the IMPORTANT WARNING section and any of the following: acetaminophen; acyclovir (Zovirax); angiotensin-converting enzyme inhibitors such as benazepril (Lotensin, in Lotrel), captopril, enalapril (Vasotec, Vaseretic), fosinopril, lisinopril (Qbrelis, in Prinzide, in Zestoretic); aspirin; barbiturates such as phenobarbital; benzodiazepines such as lorazepam (Ativan); bumetanide (Bumex); famotidine (Pepcid); furosemide (Lasix); methotrexate (Otrexup, Rasuvo, Trexall); theophylline (Elixophyllin, Theo-24); and zidovudine (Retrovir, in Combivir). Your doctor may need to change the doses of your medications or monitor you carefully for side effects.tell your doctor if you are pregnant or plan to become pregnant. If you are a female using cidofovir injection, you should use effective birth control while receiving cidofovir and for 1 month after your final dose. Talk to your doctor about birth control methods that you can use during and after your treatment. If you are a male using cidofovir and your partner can become pregnant, you should use a barrier method (condom or diaphragm with spermicide) while you are using cidofovir injection and for 3 months after your final dose. If you or your partner becomes pregnant while receiving cidofovir, call your doctor immediately.tell your doctor if you are breastfeeding. Do not breastfeed if you are infected with human immunodeficiency virus (HIV) or AIDS or are using cidofovir.", "why": "Cidofovir injection is used along with another medication (probenecid) to treat cytomegaloviral retinitis (CMV retinitis) in people with acquired immunodeficiency syndrome (AIDS). Cidofovir is in a class of medications called antivirals. It works by slowing the growth of CMV.", "storage_conditions": [], "title": "Cidofovir Injection", "side_effects": "Cidofovir injection may cause side effects. Tell your doctor if any of these symptoms are severe or do not go away:\r \r vomitingnauseadiarrhealoss of appetiteheadachehair losssores on the lips, mouth, or throatSome side effects can be serious. If you experience any of these symptoms, call your doctor immediately:\r \r rasheye pain or rednessvision changes such as light sensitivity or blurred visionfever, chills, or coughshortness of breathpale skinCidofovir injection may cause other side effects. Call your doctor if you have any unusual problems while receiving this medication.If you experience a serious side effect, you or your doctor may send a report to the Food and Drug Administration's (FDA) MedWatch Adverse Event Reporting program online (http://www.fda.gov/Safety/MedWatch) or by phone (1-800-332-1088).", "how": "Cidofovir injection comes as a solution (liquid) to be injected intravenously (into a vein) by a doctor or nurse in a medical facility. It is usually given once every 2 weeks. The length of treatment depends on your body's response to the medication.You must take probenecid tablets by mouth with each dose of cidofovir. Take a dose of probenecid 3 hours before receiving cidofovir injection and again 2 and 8 hours after your infusion is completed. Take probenecid with food to reduce nausea and stomach upset. Ask your doctor or pharmacist if you have any questions about how these medications should be taken together."}