{"other_information": "Keep all appointments with your doctor. Clobetasol is for external use only. Do not let clobetasol get into your eyes, nose, or mouth, and do not swallow it. Do not apply dressings, bandages, cosmetics, lotions, or other skin medications to the area being treated unless your doctor tells you.Do not let anyone else use your medication. Ask your pharmacist any questions you have about refilling your prescription.If you still have symptoms of infection after you finish the clobetasol, call your doctor.It is important for you to keep a written list of all of the prescription and nonprescription (over-the-counter) medicines you are taking, as well as any products such as vitamins, minerals, or other dietary supplements. You should bring this list with you each time you visit a doctor or if you are admitted to a hospital. It is also important information to carry with you in case of emergencies.", "other_uses": [], "if_i_forget": "Apply the missed dose as soon as you remember it. However, if it is almost time for the next dose, skip the missed dose and continue your regular dosing schedule. Do not apply a double dose to make up for a missed one.", "special_dietary": [], "overdose": [], "precautions": "Before using clobetasol,tell your doctor and pharmacist if you are allergic to clobetasol or any other drugs.tell your doctor and pharmacist what prescription and nonprescription medications you are using, including vitamins.tell your doctor if you are pregnant, plan to become pregnant, or are breast-feeding. If you become pregnant while using clobetasol, call your doctor.", "why": "Clobetasol is used to treat the itching, redness, dryness, crusting, scaling, inflammation, and discomfort of various scalp and skin conditions.This medication is sometimes prescribed for other uses; ask your doctor or pharmacist for more information.", "storage_conditions": "Keep this medication in the container it came in, tightly closed, and out of reach of children. Store it at room temperature and away from excess heat and moisture (not in the bathroom). Throw away any medication that is outdated or no longer needed. Talk to your pharmacist about the proper disposal of your medication.", "title": "Clobetasol", "side_effects": "Clobetasol may cause side effects. If you experience any of the following symptoms, call your doctor:\r \r itching, burning, or irritation on the area of skin where clobetasol is appliedIf you experience a serious side effect, you or your doctor may send a report to the Food and Drug Administration's (FDA) MedWatch Adverse Event Reporting program online (http://www.fda.gov/Safety/MedWatch) or by phone (1-800-332-1088).", "how": "Clobetasol comes in cream, gel, ointment, and spray for use on the skin and in foam, lotion, and shampoo to apply to the scalp. Clobetasol is used once or twice a day. Follow the directions on your prescription label carefully, and ask your doctor or pharmacist to explain any part you do not understand. Use clobetasol exactly as directed. Do not use more or less of it or use it more often than prescribed by your doctor. Do not use clobetasol for longer than 14 days without your doctor's approval.Thoroughly clean the affected area, allow it to dry, and then gently rub the medication in until most of it disappears. Use just enough medication to cover the affected area. You should wash your hands after applying the medication. The scalp lotion should be applied directly from the squeeze bottle to the affected area.Clobetasol can be absorbed into your body if used in large amounts and can cause harmful effects."}