{"other_information": "Keep all appointments with your doctor and the laboratory. Your doctor may order certain lab tests to check your response to colchicine.Do not let anyone else take your medication. Ask your pharmacist any questions you have about refilling your prescription.It is important for you to keep a written list of all of the prescription and nonprescription (over-the-counter) medicines you are taking, as well as any products such as vitamins, minerals, or other dietary supplements. You should bring this list with you each time you visit a doctor or if you are admitted to a hospital. It is also important information to carry with you in case of emergencies.", "other_uses": "This medication may be prescribed for other uses. Ask your doctor or pharmacist for more information.", "if_i_forget": "Take the missed dose as soon as you remember it. If you are taking colchicine on a regular basis and it is almost time for the next dose, skip the missed dose and continue your regular dosing schedule. Do not take a double dose to make up for a missed one.However, if you are taking colchicine to treat an attack of gout that happened while you were taking colchicine to prevent gout attacks and you forget to take the second dose, take the missed dose as soon as you remember it. Then wait at least 12 hours before taking your next scheduled dose of colchicine.", "special_dietary": "Do not eat grapefruit or drink grapefruit juice during your treatment with colchicine.", "overdose": "In case of overdose, go to the nearest hospital emergency room immediately. Taking too much colchicine may cause death.Symptoms of overdose may include:\r \r stomach painnauseavomitingdiarrheaunusual bruising or bleedingsore throat, fever, chills, and other signs of infectionpaleness or grayness of the lips, tongue, or palmsslowed breathingslowed or stopped heartbeat", "precautions": "Before taking colchicine,tell your doctor and pharmacist if you are allergic to colchicine, any other medications, or any of the ingredients in colchicine tablets. Ask your doctor or pharmacist or check the medication guide for a list of ingredients.tell your doctor and pharmacist what prescription and nonprescription medications, vitamins, nutritional products, and herbal supplements you are taking, have taken within the past 14 days, or plan to take. Be sure to mention any of the following: antibiotics such as azithromycin (Zithromax), clarithromycin (Biaxin), and erythromycin (E.E.S., E-Mycin), telithromycin (Ketek), antifungals such as fluconazole (Diflucan), itraconazole (Sporanox), and ketoconazole (Nizoral); aprepitant (Emend); cholesterol-lowering medications (statins) such as atorvastatin (Lipitor), fluvastatin (Lescol), lovastatin (Mevacor), pravastatin (Pravachol), and simvastatin (Zocor); cyclosporine (GenGraf, Neoral, Sandimmune); digoxin (Digitek, Lanoxin); diltiazem (Cardizem, Dilacor, Tiazac, others); fibrates such as bezafibrate,  fenofibrate (Antara, Lipofen), and gemfibrozil (Lopid); medications for HIV or AIDS such as amprenavir (Agenerase), atazanavir (Reyataz), fosamprenavir (Lexiva), indinavir (Crixivan), nelfinavir (Viracept), ritonavir (in Kaletra, Norvir), and saquinavir (Invirase); nefazodone; ranolazine (Ranexa); and verapamil (Calan, Covera, Isoptin, Verelan). Your doctor may need to change the doses of your medications or monitor you carefully for side effectstell your doctor if you have or have ever had kidneyor liver disease.tell your doctor if you are pregnant, plan to become pregnant, or are breast-feeding. If you become pregnant while taking colchicine, call your doctor.", "why": "Colchicine is used to prevent gout attacks (sudden, severe pain in one or more joints caused by abnormally high levels of a substance called uric acid in the blood) in adults, and to relieve the pain of gout attacks when they occur. Colchicine is also used to treat familial Mediterranean fever (FMF; an inborn condition that causes episodes of fever, pain, and swelling of the stomach area, lungs, and joints) in adults and children 4 years of age and older. Colchicine is not a pain reliever and cannot be used to treat pain that is not caused by gout or FMF. Colchicine is in a class of medications called anti-gout agents. It works by stopping the natural processes that cause swelling and other symptoms of gout and FMF.", "storage_conditions": "Keep this medication in the container it came in, tightly closed, and out of reach of children. Store it at room temperature and away from excess heat and moisture (not in the bathroom). Throw away medication that is outdated or no longer needed. Talk to your pharmacist about the proper disposal of your medication.", "title": "Colchicine", "side_effects": "Colchicine may cause side effects. Tell your doctor if any of the following symptoms are severe or do not go away :\r \r nauseavomitingdiarrheastomach cramps or painSome side effects can be serious. If you experience any of the following symptoms, call your doctor immediately:\r \r muscle pain or weaknessnumbness in the fingers or toesunusual bruising or bleedingsore throat, fever, chills, and other signs of infectionweakness or tirednesspaleness or grayness of the lips, tongue, or palmsIf you experience a serious side effect, you or your doctor may send a report to the Food and Drug Administration's (FDA) MedWatch Adverse Event Reporting program online (http://www.fda.gov/Safety/MedWatch) or by phone (1-800-332-1088).", "how": "Colchicine comes as a tablet to take by mouth with or without food.  When colchicine is used to prevent gout attacks or to treat FMF, it is usually taken once or twice a day. When colchicine is used to relieve the pain of a gout attack, one dose is usually taken at the first sign of pain and a second, smaller dose is usually taken one hour later. If you do not experience relief or have another attack within several days after treatment, talk to your doctor before taking additional doses of medication. Follow the directions on your prescription label carefully, and ask your doctor or pharmacist to explain any part you do not understand. Take colchicine exactly as directed. Do not take more or less of it or take it more often than prescribed by your doctor.If you are taking colchicine to treat FMF, your doctor may start you on a low dose and gradually increase your dose. Your doctor may decrease your dose if you experience side effects.If you are taking colchicine to prevent gout attacks, call your doctor right away if you experience a gout attack during your treatment. Your doctor may tell you to take an extra dose of colchicine, followed by a smaller dose one hour later. If you take extra doses of colchicine to treat a gout attack, you should not take your next scheduled dose of colchicine until at least 12 hours have passed since you took the extra doses.Colchicine can prevent attacks of gout and control FMF only as long as you take the medication. Continue to take colchicine even if you feel well. Do not stop taking colchicine without talking to your doctor."}