{"other_information": "Keep all appointments with your doctor.Ask your doctor or pharmacist any questions you have about collagenase <em>Clostridium histolyticum</em> injection.It is important for you to keep a written list of all of the prescription and nonprescription (over-the-counter) medicines you are taking, as well as any products such as vitamins, minerals, or other dietary supplements. You should bring this list with you each time you visit a doctor or if you are admitted to a hospital. It is also important information to carry with you in case of emergencies.", "other_uses": "This medication may be prescribed for other uses; ask your doctor or pharmacist for more information.", "if_i_forget": [], "special_dietary": "Unless your doctor tells you otherwise, continue your normal diet.", "overdose": [], "precautions": "Before receiving collagenase <em>Clostridium histolyticum</em> injection,tell your doctor and pharmacist if you are allergic to collagenase <em>Clostridium histolyticum</em> injection, collagenase ointment (Santyl), any other medications, or any of the ingredients in collagenase <em>Clostridium histolyticum</em> injection. Ask your pharmacist or check the Medication Guide for a list of the ingredients.tell your doctor and pharmacist what other prescription and nonprescription medications, vitamins, nutritional supplements, and herbal products you are taking or plan to take. Be sure to mention any of the following: anticoagulants ('blood thinners') such as warfarin (Coumadin), aspirin (more than 150 mg per day), clopidogrel (Plavix), and prasugrel (Effient). Your doctor may need to change the doses of your medications or monitor you carefully for side effects.tell your doctor if you have or have ever had a bleeding condition or any other medical condition. Also, tell your doctor if you have previously received collagenase <em>Clostridium histolyticum</em> injection to treat another condition.tell your doctor if you are pregnant, plan to become pregnant, or are breastfeeding. If you become pregnant while receiving collagenase <em>Clostridium histolyticum</em> injection, call your doctor.", "why": "Collagenase <em>Clostridium histolyticum</em> injection is used to treat Dupuytren's contracture (a painless thickening and tightening of tissue [cord] beneath the skin in the palm of the hand, which may make it difficult to straighten one or more fingers) when a cord of tissue can be felt upon examination.  Collagenase <em>Clostridium histolyticum</em> injection is also used to treat Peyronie's disease (a thickening of tissue [plaque] inside the penis that causes the penis to curve). Collagenase <em>Clostridium histolyticum</em> injection is in a class of medications called enzymes. In people with Dupuytren's contracture, it works by helping to break down the cord of thickened tissue and allows the finger(s) to be straightened. In people with Peyronie's disease, it works by helping to break down the plaque of thickened tissue and allows the penis to be straightened.", "storage_conditions": [], "title": "Collagenase Clostridium Histolyticum Injection", "side_effects": "Collagenase <em>Clostridium histolyticum</em> injection may cause side effects. Tell your doctor if any of these symptoms are severe or do not go away.For people receiving collagenase  for Dupuytren's contracture:\r \r redness, swelling, tenderness, bruising, or bleeding around the injected areaitching of the treated handpain in the treated handpainful and swollen glands in the elbow or underarm areaFor men receiving collagenase  for Peyronie's disease:\r \r tenderness around the injected area (along and above penis)blisters at the injection sitelump at the injection sitechanges in color of the skin of penisitching of the penis or scrotumpainful erectionerection problemspainful sexual activitySome side effects can be serious. If you experience any of these symptoms, call your doctor immediately or get emergency medical treatment:\r \r hivesrashdifficulty breathing or swallowinghoarsenesschest painswelling of the face, throat, tongue, lips, eyes, hands, feet, ankles, or lower legsfever, sore throat, chills, cough and other signs of infectionnumbness, tingling, or increased pain in your treated finger or hand (after your injection or after your follow-up visit)When collagenase <em>Clostridium histolyticum</em> injection is used to treat to treat Dupuytren's contracture it can cause injury to the hand that may require surgical treatment or can be permanent. Call your doctor right away if you have trouble bending your injected finger toward the wrist after the swelling goes away, or if you have problems using your treated hand after your follow-up visit. Talk to your doctor about the risks of receiving this medication.Collagenase <em>Clostridium histolyticum</em> injection may cause other side effects. Call your doctor if you have any unusual problems while receiving this medication.If you experience a serious side effect, you or your doctor may send a report to the Food and Drug Administration's (FDA) MedWatch Adverse Event Reporting program online (http://www.fda.gov/Safety/MedWatch) or by phone (1-800-332-1088).", "how": "Collagenase <em>Clostridium histolyticum</em> injection comes as a powder to be mixed with a liquid and injected by a doctor. If you are receiving collagenase <em>Clostridium histolyticum</em> to treat Dupuytren's contracture, your doctor will inject the medicine into a cord just under the skin in the affected hand. If you are receiving collagenase <em>Clostridium histolyticum</em> to treat Peyronie's disease, your doctor will inject the medicine into the plaque that is causing your penis to curve. Your doctor will choose the best place to inject the medication in order to treat your condition.If you are receiving treatment for Dupuytren's contracture, do not bend or straighten the fingers of the injected hand or put pressure on the injected area after your injection. Keep the injected hand elevated until bedtime. You must return to your doctor's office on the day after your injection. Your doctor will check your hand, and possibly move and extend the finger to help break up the cord. Ask your doctor when you can expect to see improvement, and call your doctor if your condition does not improve during the expected time. Your doctor may need to give you additional injections if your condition does not improve. Do not perform strenuous activity with the injected hand until your doctor tells you that you can do so. Your doctor will probably tell you to wear a splint every night (at bedtime) for up to 4 months after the injection. Your doctor may also tell you to do finger exercises each day. Follow the directions of your doctor carefully and ask the doctor to explain any part you do not understand.If you are receiving treatment for Peyronie's disease, your doctor will inject collagenase <em>Clostridium histolyticum</em> into your penis, followed by a second injection 1 to 3 days after the first injection You must return to your doctor's office 1 to 3 days after your second injection. Your doctor will gently move and stretch your penis (penile modeling procedure) to help straighten your penis. Your doctor will also tell you to gently stretch and straighten your penis at home for 6 weeks afterward. Follow the directions of your doctor carefully and ask the doctor to explain any part you do not understand. Avoid sexual activity for at least 2 weeks after your last injection and after pain and swelling have gone away. Your doctor may need to give you additional treatment cycles."}