{"other_information": "Keep all appointments with your doctor.Do not let anyone else take your medication. Ask your pharmacist any questions you have about refilling your prescription.It is important for you to keep a written list of all of the prescription and nonprescription (over-the-counter) medicines you are taking, as well as any products such as vitamins, minerals, or other dietary supplements. You should bring this list with you each time you visit a doctor or if you are admitted to a hospital. It is also important information to carry with you in case of emergencies.", "other_uses": "This medication may be prescribed for other uses; ask your doctor or pharmacist for more information.", "if_i_forget": "Take the missed dose as soon as you remember it. However, if it is almost time for the next dose, skip the missed dose and continue your regular dosing schedule. Do not take a double dose to make up for a missed one.", "special_dietary": "Unless your doctor tells you otherwise, continue your normal diet.", "overdose": "In case of overdose, call your local poison control center at 1-800-222-1222. If the victim has collapsed or is not breathing, call local emergency services at 911.", "precautions": "Before taking crofelemer,tell your doctor and pharmacist if you are allergic to crofelemer, any other medications, or any of the ingredients in crofelemer tablets. Ask your pharmacist for a list of the ingredients.tell your doctor and pharmacist what other prescription and nonprescription medications, vitamins, nutritional supplements, and herbal products you are taking or plan to take.tell your doctor if you are pregnant, plan to become pregnant, or are breast-feeding. If you become pregnant while taking crofelemer, call your doctor.", "why": "Crofelemer is used to control some types of diarrhea in patients with human immunodeficiency virus (HIV) infection who are being treated with certain medications. Crofelemer is in a class of medications called botanicals. It works by decreasing the amount of fluid that flows into the bowel that can cause diarrhea.", "storage_conditions": "Keep this medication in the container it came in, tightly closed, and out of reach of children. Store it at room temperature and away from excess heat and moisture (not in the bathroom).Unneeded medications should be disposed of in special ways to ensure that pets, children, and other people cannot consume them.  However, you should not flush this medication down the toilet. Instead, the best way to dispose of your medication is through a medicine take-back program. Talk to your pharmacist or contact your local garbage/recycling department to learn about take-back programs in your community.  See the FDA's Safe Disposal of Medicines website (http://goo.gl/c4Rm4p) for more information if you do not have access to a take-back program.", "title": "Crofelemer", "side_effects": "Crofelemer may cause side effects. Tell your doctor if any of these symptoms are severe or do not go away:\r \r runny nose, sneezing, or coughtiredness, fever, chills, cough with mucus (sputum), or chest tightnessgasnauseaswelling of the abdomenhemorrhoidsback or joint paindifficult, painful, or frequent urinationurine that is cloudy or discoloredback pain or pressure in the lower abdomenanxietyCrofelemer may cause other side effects. Call your doctor if you have any unusual problems while taking this medication.If you experience a serious side effect, you or your doctor may send a report to the Food and Drug Administration's (FDA) MedWatch Adverse Event Reporting program online (http://www.fda.gov/Safety/MedWatch) or by phone (1-800-332-1088).", "how": "Crofelemer comes as a delayed-release (releases the medication in the intestine where its effects are needed) tablet to take by mouth. It is usually taken two times a day, with or without food. Take crofelemer at around the same times every day. Follow the directions on your prescription label carefully, and ask your doctor or pharmacist to explain any part you do not understand. Take crofelemer exactly as directed. Do not take more or less of it or take it more often than prescribed by your doctor.Swallow the tablets whole; do not chew or crush them."}