{"other_information": "Keep all appointments with your doctor and the laboratory. Your doctor will order certain lab tests to check your body's response to cyclophosphamide.Do not let anyone else take your medication. Ask your pharmacist any questions you have about refilling your prescription.It is important for you to keep a written list of all of the prescription and nonprescription (over-the-counter) medicines you are taking, as well as any products such as vitamins, minerals, or other dietary supplements. You should bring this list with you each time you visit a doctor or if you are admitted to a hospital. It is also important information to carry with you in case of emergencies.", "other_uses": "Cyclophosphamide is also sometimes used to treat a certain type of lung cancer (small cell lung cancer; SCLC). It is also used to treat rhabdomyosarcoma (a type of cancer of the muscles) and Ewing's sarcoma (a type of bone cancer) in children. Talk to your doctor about the risks of using this medication for your condition.", "if_i_forget": "Take the missed dose as soon as you remember it. However, if it is almost time for the next dose, skip the missed dose and continue your regular dosing schedule. Do not take a double dose to make up for a missed one.", "special_dietary": "Drink plenty of fluids while you are using this medication.", "overdose": "In case of overdose, call your local poison control center at 1-800-222-1222. If the victim has collapsed or is not breathing, call local emergency services at 911.Symptoms of overdose may include the following:\r \r black, tarry stoolsred urineunusual bruising or bleedingunusual tiredness or weaknesssore throat, cough, fever, or other signs of infectionswelling in the legs, ankles, or feetchest pain", "precautions": "Before taking cyclophosphamide,tell your doctor and pharmacist if you are allergic to cyclophosphamide, other alkylating agents such as bendamustine (Treanda<sup>\u00ae</sup>), busulfan (Myerlan<sup>\u00ae</sup>, Busulfex<sup>\u00ae</sup>), carmustine (BiCNU<sup>\u00ae</sup>, Gliadel<sup>\u00ae</sup> Wafer), chlorambucil (Leukeran<sup>\u00ae</sup>), ifosfamide (Ifex<sup>\u00ae</sup>), lomustine (CeeNU<sup>\u00ae</sup>), melphalan (Alkeran<sup>\u00ae</sup>), procarbazine (Mutalane<sup>\u00ae</sup>), or temozolomide (Temodar<sup>\u00ae</sup>), any other medications, or any of the ingredients in cyclophosphamide. Ask your pharmacist for a list of the ingredients.tell your doctor and pharmacist what other prescription and nonprescription medications, vitamins, nutritional supplements, and herbal products you are taking or plan to take. Be sure to mention any of the following: allopurinol (Zyloprim<sup>\u00ae</sup>), cortisone acetate, doxorubicin (Adriamycin<sup>\u00ae</sup>, Doxil<sup>\u00ae</sup>), hydrocortisone (Cortef<sup>\u00ae</sup>), or phenobarbital (Luminal<sup>\u00ae</sup> Sodium). Your doctor may need to change the doses of your medications or monitor you carefully for side effects. Many other medications may also interact with cyclophosphamide, so be sure to tell your doctor about all the medications you are taking, even those that do not appear on this list.tell your doctor if you have previously received treatment with other chemotherapy medications or if you have had x-rays recently. Also tell your doctor if you have or have ever had kidney or liver disease.you should know that cyclophosphamide may interfere with the normal menstrual cycle (period) in women and may stop sperm production in men. Cyclophosphamide may cause permanent infertility (difficulty becoming pregnant); however, you should not assume that you cannot get pregnant or that you cannot get someone else pregnant. Women who are pregnant or breast-feeding should tell their doctors before they begin taking this drug. You should not plan to have children while receiving chemotherapy or for a while after treatments. (Talk to your doctor for further details.) Use a reliable method of birth control to prevent pregnancy. Cyclophosphamide may harm the fetus.if you are having surgery, including dental surgery, tell the doctor or dentist that you are taking cyclophosphamide.", "why": "Cyclophosphamide is used alone or in combination with other medications to treat Hodgkin's lymphoma (Hodgkin's disease) and non-Hodgkin's lymphoma (types of cancer that begin in a type of white blood cells that normally fights infection); cutaneous T-cell lymphoma (CTCL, a group of cancers of the immune system that first appear as skin rashes); multiple myeloma (a type of cancer of the bone marrow); and certain types of leukemia (cancer of the white blood cells), including chronic lymphocytic leukemia (CLL), chronic myelogenous leukemia (CML), acute myeloid leukemia (AML, ANLL), and acute lymphoblastic leukemia (ALL). It is also used to treat retinoblastoma (cancer in the eye), neuroblastoma (a cancer that begins in nerve cells and occurs mainly in children), ovarian cancer (cancer that begins in the female reproductive organs where eggs are formed), and breast cancer. Cyclophosphamide is also used to treat nephrotic syndrome (a disease that is caused by damage to the kidneys) in children whose disease has not improved, has gotten worse, or has come back after taking other medications or in children who experienced intolerable side effects with other medications. Cyclophosphamide is in a class of medications called alkylating agents. When cyclophosphamide is used to treat cancer, it works by slowing or stopping the growth of cancer cells in your body. When cyclophosphamide is used to treat nephrotic syndrome, it works by suppressing your body's immune system.", "storage_conditions": "Keep this medication in the container it came in, tightly closed, and out of reach of children. Store it at room temperature and away from excess heat and moisture (not in the bathroom). Throw away any medication that is outdated or no longer needed. Talk to your pharmacist about the proper disposal of your medication.", "title": "Cyclophosphamide", "side_effects": "Cyclophosphamide may cause side effects. Tell your doctor if any of these symptoms are severe or do not go away:\r \r nauseavomitingloss of appetite or weightabdominal paindiarrheahair losssores on the mouth or tonguechanges in skin colorchanges in color or growth of finger or toe nailsSome side effects can be serious. If you experience any of these symptoms, call your doctor immediately:\r \r sore throat, fever, chills, or other signs of infectionpoor or slow wound healingunusual bruising or bleedingblack, tarry stoolspainful urination or red urinerashhivesitchingdifficulty breathing or swallowingshortness of breathcoughswelling in the legs, ankles, or feetchest painyellowing of the skin or eyesCyclophosphamide may increase the risk that you will develop other cancers. Talk to your doctor about the risks of taking cyclophosphamide.Cyclophosphamide may cause other side effects. Call your doctor if you have any unusual problems while taking this medication.If you experience a serious side effect, you or your doctor may send a report to the Food and Drug Administration's (FDA) MedWatch Adverse Event Reporting program online (http://www.fda.gov/Safety/MedWatch) or by phone (1-800-332-1088).", "how": "Cyclophosphamide comes as a tablet to take by mouth once a day. The length of treatment depends on the types of drugs you are taking, how well your body responds to them, and the type of cancer or condition you have. Take cyclophosphamide at around the same time every day. Follow the directions on your prescription label carefully, and ask your doctor or pharmacist to explain any part you do not understand. Take cyclophosphamide exactly as directed. Do not take more or less of it or take it more often than prescribed by your doctor.Your doctor may need to delay your treatment or adjust your dose of cyclophosphamide depending on your response to treatment and any side effects that you experience. Talk to your doctor about how you are feeling during your treatment. Do not stop taking cyclophosphamide without talking to your doctor."}