{"other_information": "Keep all appointments with your doctor.Do not let anyone else take your medication. Ask your pharmacist any questions you have about refilling your prescription.It is important for you to keep a written list of all of the prescription and nonprescription (over-the-counter) medicines you are taking, as well as any products such as vitamins, minerals, or other dietary supplements. You should bring this list with you each time you visit a doctor or if you are admitted to a hospital. It is also important information to carry with you in case of emergencies.", "other_uses": "This medication may be prescribed for other uses; ask your doctor or pharmacist for more information.", "if_i_forget": "Skip the missed dose and continue your regular dosing schedule. Do not take two doses in the same day or a double dose to make up for a missed one.", "special_dietary": "Unless your doctor tells you otherwise, continue your normal diet.", "overdose": "In case of overdose, call your local poison control center at 1-800-222-1222. If the victim has collapsed or is not breathing, call local emergency services at 911.Symptoms of overdose may include:\r \r vision problems", "precautions": "Before taking darifenacin,tell your doctor and pharmacist if you are allergic to darifenacin or any other medications.tell your doctor and pharmacist what prescription and nonprescription medications, vitamins, nutritional supplements, and herbal products you are taking or plan to take. Be sure to mention any of the following: antidepressants such as amitriptyline (Elavil), amoxapine (Asendin), clomipramine (Anafranil), desipramine (Norpramin), doxepin (Adapin, Sinequan), imipramine (Tofranil), nortriptyline (Aventyl, Pamelor), protriptyline (Vivactil), and trimipramine (Surmontil); antihistamines; clarithromycin (Biaxin); flecainide (Tambocor); ipratropium (Atrovent); itraconazole (Sporanox); ketoconazole (Nizoral); medications for irritable bowel disease, motion sickness, Parkinson's disease, ulcers, or urinary problems; nefazodone (Serzone); nelfinavir (Viracept); ritonavir (Norvir); and thioridazine (Mellaril). Your doctor may need to change the doses of your medications or monitor you carefully for side effects.tell your doctor if you have or have ever had urinary obstruction (a blockage of urine flowing out of the bladder), any type of blockage in the digestive system, benign prostatic hypertrophy (enlargement of the prostate), severe constipation, ulcerative colitis (a condition which causes swelling and sores in the lining of the colon [large intestine] and rectum), myasthenia gravis (a disorder of the nervous system that causes muscle weakness), glaucoma, or liver disease.tell your doctor if you are pregnant, plan to become pregnant, or are breast-feeding. If you become pregnant while taking darifenacin, call your doctor.if you are having surgery, including dental surgery, tell the doctor or dentist that you are taking darifenacin.you should know that darifenacin may cause blurred vision or make you dizzy. Do not drive a car or operate machinery until you know how this medication affects you.you should know that darifenacin causes decreased sweating, which may cause heat prostration (collapse because of high body temperature) in hot weather.", "why": "Darifenacin is used to treat an overactive bladder (a condition in which the bladder muscles contract uncontrollably and cause frequent urination, urgent need to urinate, and inability to control urination). Darifenacin is in a class of medications called antimuscarinics. It works by relaxing the bladder muscles to prevent urgent, frequent, or uncontrolled urination.", "storage_conditions": "Keep this medication in the container it came in, tightly closed, and out of reach of children. Store it at room temperature and away from excess heat and moisture (not in the bathroom).Unneeded medications should be disposed of in special ways to ensure that pets, children, and other people cannot consume them.  However, you should not flush this medication down the toilet. Instead, the best way to dispose of your medication is through a medicine take-back program. Talk to your pharmacist or contact your local garbage/recycling department to learn about take-back programs in your community.  See the FDA's Safe Disposal of Medicines website (http://goo.gl/c4Rm4p) for more information if you do not have access to a take-back program.", "title": "Darifenacin", "side_effects": "Darifenacin may cause side effects. Tell your doctor if any of these symptoms are severe or do not go away:\r \r dry mouthconstipationupset stomachstomach paindiarrheaweaknessdry eyesSome side effects can be serious. If you experience any of these symptoms, call your doctor immediately:\r \r difficulty urinating or being unable to urinateburning pain during urinationrashitchingDarifenacin may cause other side effects. Call your doctor if you have any unusual problems while taking this medication.If you experience a serious side effect, you or your doctor may send a report to the Food and Drug Administration's (FDA) MedWatch Adverse Event Reporting program online (http://www.fda.gov/Safety/MedWatch) or by phone (1-800-332-1088).", "how": "Darifenacin comes as an extended-release (long-acting) tablet to take by mouth. It is usually taken once a day with plenty of liquid. This medication may be taken with or without food. Take darifenacin at around the same time every day. Follow the directions on your prescription label carefully, and ask your doctor or pharmacist to explain any part you do not understand. Take darifenacin exactly as directed. Do not take more or less of it or take it more often than prescribed by your doctor.Swallow the tablets whole; do not split, chew, or crush them.Your doctor will start you on a low dose of darifenacin and may increase your dose after 2 weeks.Ask your pharmacist or doctor for a copy of the manufacturer's information for the patient."}