{"other_information": "Keep all appointments with your doctor and the laboratory. Your doctor will order certain tests to be sure it is safe for you to take darunavir and to check your body's response to darunavir.Do not let anyone else take your medication. Ask your pharmacist any questions you have about refilling your prescription.It is important for you to keep a written list of all of the prescription and nonprescription (over-the-counter) medicines you are taking, as well as any products such as vitamins, minerals, or other dietary supplements. You should bring this list with you each time you visit a doctor or if you are admitted to a hospital. It is also important information to carry with you in case of emergencies.", "other_uses": "This medication may be prescribed for other uses; ask your doctor or pharmacist for more information.", "if_i_forget": "If you are taking darunavir once a day and you miss a dose by less than 12 hours, take the missed dose as soon as you remember it and then take the next dose at the scheduled time. However, if you miss a dose by more than 12 hours, skip the missed dose and continue your regular dosing schedule. Do not take a double dose to make up for a missed one.If you are taking darunavir twice a day and you miss a dose by less than 6 hours, take the missed dose as soon as you remember it and then take the next dose at the scheduled time. However, if you miss a dose by more than 6 hours, skip the missed dose and continue your regular dosing schedule. Do not take a double dose to make up for a missed one.", "special_dietary": "Talk to your doctor about eating grapefruit and drinking grapefruit juice while taking this medicine.", "overdose": "In case of overdose, call your local poison control center at 1-800-222-1222. If the victim has collapsed or is not breathing, call local emergency services at 911.", "precautions": "Before taking darunavir,tell your doctor and pharmacist if you are allergic to darunavir, ritonavir, sulfa medications, any other medications, or any of the ingredients in darunavir tablets or suspension. Ask your pharmacist for a list of the ingredients or if you are unsure if a medication you are allergic to is a sulfa medication.tell your doctor if you are taking any of the following medications: alfuzosin (Uroxatral); cisapride (Propulsid) (not available in the U.S.); dronedarone (Multaq); ergot-type medications such as dihydroergotamine (D.H.E. 45, Migranal), ergotamine (Ergomar, in Cafergot, in Migergot), and methylergonovine (Methergine); lovastatin (Mevacor, in Advicor); lurasidone (Latuda), midazolam (given by mouth); pimozide (Orap); ranolazine (Ranexa); rifampin (Rifadin, Rimactane, in Rifamate, in Rifater); sildenafil (only Revatio brand used for lung disease); simvastatin (Zocor, in Vytorin); St. John's wort; or triazolam (Halcion). Your doctor will probably tell you not to take darunavir. Also, if you have kidney or liver disease and are taking colchicine (Colcrys, Mitigare, in Col-Probenecid), your doctor will probably tell you not to take darunavir.tell your doctor and pharmacist what other prescription and nonprescription medications, vitamins, and nutritional supplements you are taking or plan to take. Be sure to mention any of the following: anticoagulants ('blood thinners') such as apixaban (Eliquis), dabigatran etexilate (Pradaxa), rivaroxaban (Xarelto), and warfarin (Coumadin, Jantoven); antifungals such as itraconazole (Onmel, Sporanox), ketoconazole (Nizoral), posaconazole (Noxafil), and voriconazole (Vfend); artemether/lumefantrine (Coartem); beta blockers such as carvedilol (Coreg), metoprolol (Lopressor, Toprol XL, in Dutoprol, in Lopressor HCT) and timolol (Betimol, Istalol, in Combigan, in Cosopt, others); boceprevir (no longer available in the U.S.; Victrelis); bosentan (Tracleer); budesonide (Entocort, Pulmicort, Uceris, others); buprenorphine (Belbuca, Buprenex, Butrans, in Suboxone, others); buspirone; calcium-channel blockers such as amlodipine (Norvasc, in Caduet), diltiazem (Cardizem CD, Cartia, XT, Diltzac, others), felodipine (Plendil), nicardipine (Cardene), nifedipine (Adalat CC, Afebitab CR, Procardia), and verapamil (Calan, Covera, Verelan, in Tarka); certain chemotherapy medications such as dasatinib (Sprycel), nilotinib (Tasigna), vinblastine, and vincristine (Marqibo Kit); cholesterol-lowering medications (statins) such as atorvastatin (Lipitor, in Caduet), pravastatin (Pravachol), and rosuvastatin (Crestor);  clarithromycin (Biaxin, in Prevpac); certain medications for depression such as amitriptyline, desipramine (Norpramin), imipramine, nortriptyline, paroxetine (Brisdelle, Paxil, Pexeva), and sertraline (Zoloft); dexamethasone; diazepam (Diastat, Valium); estazolam; fluticasone (Flonase, Flovent, in Advair); other medications for HIV including indinavir (Crixivan), lopinavir/ritonavir (Kaletra), maraviroc (Selzentry), and saquinavir (Invirase); hormonal (estrogen) contraceptives (birth control pills, patches, rings, implants, or injections); medications for irregular heartbeat including amiodarone (Cordarone, Nexterone, Pacerone), bepridil (no longer available in U.S.), digoxin (Lanoxin), disopyramide (Norpace), flecainide, lidocaine (Xylocaine), mexiletine, propafenone (Rythmol), and quinidine (in Nuedexta); certain medications for seizures such as carbamazepine (Carbatrol, Equetro, Tegretol, others), phenobarbital, and phenytoin (Dilantin, Phenytek); certain medications that suppress the immune system such as cyclosporine (Gengraf, Neoral, Sandimmune), everolimus (Afinitor, Zortress), sirolimus (Rapamune), and tacrolimus (Astagraf XL, Prograf); methadone (Dolophine, Methadose); certain phosphodiesterase inhibitors (PDE-5 inhibitors) used for erectile dysfunction such as avanafil (Stendra), sildenafil (Viagra), tadalafil (Cialis), and vardenafil (Levitra, Staxyn); prednisolone; quetiapine (Seroquel); rifabutin (Mycobutin); risperidone (Risperdal); salmeterol (Serevent, in Advair); simeprevir (Olysio), telaprevir (Incivek; no longer available in the U.S.); tadalafil (Adcirca); thioridazine; zolpidem (Ambien, Edluar, Intermezzo); and trazodone. Many other medications may also interact with darunavir, so be sure to tell your doctor about all the medications you are taking, even those that do not appear on this list. Your doctor may need to change the doses of your medications or monitor you carefully for side effects.if you are taking didanosine (Videx), take it 1 hour before or 2 hours after you take darunavir.tell your doctor if you have or have ever had diabetes or high blood sugar; hemophilia (bleeding disorder in which the blood does not clot properly); hepatitis (swelling of the liver caused by a virus), cirrhosis (a disease which causes scarring of liver tissue), or any other liver disease; or an infection that does not go away or that comes and goes such as cytomegalovirus (CMV; a viral infection that may cause symptoms in patients with weak immune systems), mycobacterium avium complex disease (MAC; a bacterial infection that may cause serious symptoms in people with AIDS), pneumonia, or tuberculosis (TB; a type of lung infection).tell your doctor if you are pregnant, plan to become pregnant, or are breast-feeding. If you become pregnant while taking darunavir, call your doctor. Do not breast-feed if you are infected with HIV or are taking darunavir.you should know that darunavir may decrease the effectiveness of hormonal contraceptives (birth control pills, patches, rings, injections, or implants). Talk to your doctor about other ways to prevent pregnancy while you are taking this medication.you should know that your body fat may increase or move to different areas of your body such as your breasts, upper back, neck, chest, and stomach area. Loss of fat from the legs, arms, and face can also happen.you should know that you may experience hyperglycemia (increases in your blood sugar) while you are taking this medication, even if you do not already have diabetes. Tell your doctor immediately if you have any of the following symptoms while you are taking darunavir: extreme thirst, frequent urination, extreme hunger, blurred vision, or weakness. It is very important to call your doctor as soon as you have any of these symptoms, because high blood sugar that is not treated can cause a serious condition called ketoacidosis. Ketoacidosis may become life-threatening if it is not treated at an early stage. Symptoms of ketoacidosis include: dry mouth, nausea and vomiting, shortness of breath, breath that smells fruity, and decreased consciousness.you should know that while you are taking medications to treat HIV infection, your immune system may get stronger and begin to fight other infections that were already in your body. This may cause you to develop symptoms of those infections. If you have new or worsening symptoms at anytime during your treatment with darunavir, be sure to tell your doctor.", "why": "Darunavir is used with ritonavir (Norvir) and other medications to treat human immunodeficiency virus (HIV) infection in adults and children 3 years of age and older. Darunavir is in a class of medications called protease inhibitors. It works by decreasing the amount of HIV in the blood. Although darunavir does not cure HIV, it may decrease your chance of developing acquired immunodeficiency syndrome (AIDS) and HIV-related illnesses such as serious infections or cancer. Taking these medications along with practicing safer sex and making other life-style changes may decrease the risk of transmitting the HIV virus to other people.", "storage_conditions": "Keep this medication in the container it came in, tightly closed, and out of reach of children. Store it at room temperature and away from excess heat and moisture (not in the bathroom).Unneeded medications should be disposed of in special ways to ensure that pets, children, and other people cannot consume them.  However, you should not flush this medication down the toilet. Instead, the best way to dispose of your medication is through a medicine take-back program. Talk to your pharmacist or contact your local garbage/recycling department to learn about take-back programs in your community.  See the FDA's Safe Disposal of Medicines website (http://goo.gl/c4Rm4p) for more information if you do not have access to a take-back program.", "title": "Darunavir", "side_effects": "Darunavir may cause side effects. Tell your doctor if any of these symptoms are severe or do not go away:\r \r headachediarrheavomitingstomach painconstipationSome side effects can be serious. If you experience any of these symptoms, stop taking darunavir and call your doctor immediately or get emergency medical treatment:\r \r rashpeeling or blistering skinmouth soresred, swollen, itchy, or teary eyesmuscle or joint achesfeverswelling, tenderness, redness, or other signs of infectionnauseaextreme tirednessloss of appetitepain in the upper right part of the stomachyellowing of the skin or eyespale or dark stoolsDarunavir may cause other side effects. Call your doctor if you have any unusual problems while taking this medication.If you experience a serious side effect, you or your doctor may send a report to the Food and Drug Administration's (FDA) MedWatch Adverse Event Reporting program online (http://www.fda.gov/Safety/MedWatch) or by phone (1-800-332-1088).", "how": "Darunavir comes as a tablet and oral suspension (liquid) to take by mouth. It is usually taken with food and with ritonavir once or twice a day. Take darunavir at around the same time(s) every day. Follow the directions on your prescription label carefully, and ask your doctor or pharmacist to explain any part you do not understand. Take darunavir exactly as directed. Do not take more or less of it or take it more often than prescribed by your doctor.Do not take darunavir without ritonavir.Swallow the tablets whole with a drink such as water or milk. Do not chew the tablets.Shake the suspension well right before each use to mix the medication evenly. Use the oral dosing syringe that came with the medication to withdraw the right amount of suspension from the bottle. You can swallow the suspension straight from the syringe. Wash the syringe with water and allow it to dry thoroughly after use.Darunavir controls HIV but does not cure it. Continue to take darunavir even if you feel well. Do not stop taking darunavir without talking to your doctor. If you stop taking darunavir or skip doses, your condition may become more difficult to treat. When your supply of darunavir starts to run low, get more from your doctor or pharmacist.Ask your pharmacist or doctor for a copy of the manufacturer's information for the patient."}