{"other_information": "It is important for you to keep a written list of all of the prescription and nonprescription (over-the-counter) medicines you are taking, as well as any products such as vitamins, minerals, or other dietary supplements. You should bring this list with you each time you visit a doctor or if you are admitted to a hospital. It is also important information to carry with you in case of emergencies.", "other_uses": "This medication may be prescribed for other uses; ask your doctor or pharmacist for more information.", "if_i_forget": [], "special_dietary": "Unless your doctor tells you otherwise, continue your normal diet.", "overdose": "In case of overdose, call your local poison control center at 1-800-222-1222. If the victim has collapsed or is not breathing, call local emergency services at 911.Symptoms of overdose may include the following:\r \r nauseavomitingextreme tirednessfever, sore throat, ongoing cough and congestion, or other signs of infection", "precautions": "Before receiving daunorubicin lipid complex,tell your doctor and pharmacist if you are allergic to daunorubicin, any other medications, or any of the ingredients in daunorubicin injection. Ask your pharmacist for a list of the ingredients.tell your doctor and pharmacist what other prescription and nonprescription medications, vitamins, nutritional supplements, and herbal products you are taking or plan to take. Be sure to mention the medications listed in the IMPORTANT WARNING section and any of the following: azathioprine (Imuran), cyclosporine (Neoral, Sandimmune), methotrexate (Rheumatrex, Trexall), sirolimus (Rapamune), and tacrolimus (Prograf). Your doctor may need to change the doses of your medications or monitor you carefully for side effects.tell your doctor if you have or have ever had kidney disease.tell your doctor if you are pregnant, plan to become pregnant, or are breast-feeding. You should not become pregnant while you are receiving daunorubicin lipid complex. If you become pregnant while receiving daunorubicin lipid complex, call your doctor. Daunorubicin lipid complex may harm the fetus.", "why": "Daunorubicin lipid complex is used to treat advanced Kaposi's sarcoma (a type of cancer that causes abnormal tissue to grow on different parts of the body) related to acquired immunodeficiency syndrome (AIDS). Daunorubicin lipid complex is in a class of medications called anthracyclines. It slows or stops the growth of cancer cells in your body.", "storage_conditions": [], "title": "Daunorubicin Lipid Complex Injection", "side_effects": "Daunorubicin lipid complex may cause side effects. Tell your doctor if any of these symptoms are severe or do not go away:\r \r nauseavomitingsores in the mouth and throatdiarrheastomach painconstipationhair lossSome side effects can be serious. If you experience any of these symptoms or those listed in the IMPORTANT WARNING section, call your doctor immediately:\r \r redness, pain, swelling, or burning at the site where the injection was givenrashhivesitchingDaunorubicin lipid complex may cause other side effects. Call your doctor if you have any unusual problems while taking this medication.If you experience a serious side effect, you or your doctor may send a report to the Food and Drug Administration's (FDA) MedWatch Adverse Event Reporting program online (http://www.fda.gov/Safety/MedWatch) or by phone (1-800-332-1088).", "how": "Daunorubicin lipid complex comes as a liquid to be injected intravenously (into a vein) over 1 hour by a doctor or nurse in a medical facility. It is usually given once every 2 weeks.Ask your pharmacist or doctor for a copy of the manufacturer's information for the patient."}