{"other_information": "Keep all appointments with your doctor and the laboratory. Your doctor may order certain lab tests to check your response to delavirdine.Do not let anyone else take your medication. Ask your pharmacist any questions you have about refilling your prescription.It is important for you to keep a written list of all of the prescription and nonprescription (over-the-counter) medicines you are taking, as well as any products such as vitamins, minerals, or other dietary supplements. You should bring this list with you each time you visit a doctor or if you are admitted to a hospital. It is also important information to carry with you in case of emergencies.", "other_uses": "This medication is sometimes prescribed for other uses; ask your doctor or pharmacist for more information.", "if_i_forget": "Take the missed dose as soon as you remember it. However, if it is almost time for the next dose, skip the missed dose and continue your regular dosing schedule. Do not take a double dose to make up for a missed one. If you miss several doses, call your doctor to ask how you should continue taking delavirdine.", "special_dietary": "Unless your doctor tells you otherwise, continue your normal diet.", "overdose": "In case of overdose, call your local poison control center at 1-800-222-1222. If the victim has collapsed or is not breathing, call local emergency services at 911.", "precautions": "Before taking delavirdine,tell your doctor and pharmacist if you are allergic to delavirdine, any other medications, or any of the ingredients in delavirdine tablets. Ask your pharmacist for a list of the ingredients.tell your doctor if you are taking alprazolam (Xanax); certain antihistamines such as astemizole (Hismanal)(no longer available in the U.S.) and terfenadine (Seldane)(no longer available in the U.S.); certain ergot-type medications such as dihydroergotamine (D.H.E. 45, Migranal), ergonovine (Ergotrate), ergotamine tartrate (Ergomar, in Cafergot, in Migergot), and methylergonovine (Methergine); cisapride (Propulsid)(no longer available in the U.S.); midazolam (Versed); pimozide (Orap); and triazolam (Halcion). Your doctor will probably tell you not to take delavirdine if you are taking one or more of these medications.tell your doctor and pharmacist what prescription and nonprescription medications, vitamins, and nutritional supplements you are taking or plan to take. Be sure to mention any of the following: amphetamines such as amphetamine (Adderall) and dextroamphetamine (Dexadrine, Dextrostat); anticoagulants ('blood thinners') such as warfarin (Coumadin); calcium channel blockers such as amlodipine (Norvasc), diltiazem (Cardizem, Dilacor, Tiazac), felodipine (Plendil), isradipine (DynaCirc), nicardipine (Cardene), nifedipine (Adalat, Procardia), nimodipine (Nimotop), nisoldipine (Sular), and verapamil (Calan, Covera, Isoptin, Verelan); certain medications to treat high cholesterol such as atorvastatin (Lipitor), cerivastatin (Baycol), fluvastatin (Lescol), lovastatin (Mevacor), and simvastatin (Zocor); certain medications to treat seizures such as carbamazepine (Tegretol, Carbatrol), phenobarbital, and phenytoin (Dilantin, Phenytek); clarithromycin (Biaxin); cyclosporine (Neoral, Sandimmune); dexamethasone (Decadron); fluticasone (Flonase, Flovent, Veramyst); medications for irregular heartbeat such as amiodarone (Cordarone), bepridil (Bepadin)(no longer available in the U.S.), lidocaine, quinidine, flecainide (Tambocor), and propafenone (Rythmol); medications for indigestion, heartburn, or ulcers such as cimetidine (Tagamet), famotidine (Pepcid), lansoprazole (Prevacid), nizatidine (Axid), omeprazole (Prilosec), and ranitidine (Zantac); methadone (Dolophine, Methadose); oral contraceptives (birth control pills); other medications to treat HIV including didanosine (Videx), efavirenz (Sustiva, in Atripla), etravirine (Intelence), indinavir (Crixivan), lopinavir (in Kaletra), maraviroc (Selzentry), nelfinavir (Viracept), nevirapine (Viramune), rilpivirine (Edurant, in Complera), ritonavir (Norvir, in Kaletra), and saquinavir (Invirase); rifabutin (Mycobutin); rifampin (Rifadin, Rimactane, in Rifamate, in Rifater); sildenafil (Viagra); sirolimus (Rapamune); tacrolimus (Prograf); and trazodone (Desyrel). Many other medications may interact with delavirdine, so be sure to tell your doctor about all the medications you are taking, even those that do not appear on this list. Your doctor may need to change the doses of your medications or monitor you more carefully for side effects.tell your doctor and pharmacist what herbal products you are taking, especially St. John's wort. You should not take St. John's wort while you are taking delavirdine.if you are taking didanosine (Videx), take it at least 1 hour before or 1 hour after taking delavirdine.if you are taking antacids, take the antacid at least 1 hour before or 1 hour after taking delavirdine.tell your doctor if you have or have ever had achlorhydria (condition in which stomach has little or no acid) or liver or kidney disease.tell your doctor if you are pregnant or plan to become pregnant. If you become pregnant while taking delavirdine, call your doctor. Tell your doctor if you are breast-feeding. You should not breast-feed if you are infected with HIV or if you are taking delavirdine.you should know that your body fat may increase or move to different areas of your body such as your breasts, upper back and neck, or around the middle of your body. Loss of fat from the legs, arms, and face can also happen. you should know that while you are taking medications to treat HIV infection, your immune system may get stronger and begin to fight other infections that were already in your body. This may cause you to develop symptoms of those infections. If you have new or worsening symptoms after starting treatment with delavirdine, be sure to tell your doctor.", "why": "Delavirdine is used along with other medications to treat human immunodeficiency virus (HIV) infection. Delavirdine is in a class of medications called non-nucleoside reverse transcriptase inhibitors (NNRTIs). It works by decreasing the amount of HIV in the blood. Although delavirdine does not cure HIV, it may decrease your chance of developing acquired immunodeficiency syndrome (AIDS) and HIV-related illnesses such as serious infections or cancer. Taking these medications along with practicing safer sex and making other life-style changes may decrease the risk of transmitting (spreading) the HIV virus to other people.", "storage_conditions": "Keep this medication in the container it came in, tightly closed, and out of reach of children. Store it at room temperature and away from excess heat and moisture (not in the bathroom).Unneeded medications should be disposed of in special ways to ensure that pets, children, and other people cannot consume them.  However, you should not flush this medication down the toilet. Instead, the best way to dispose of your medication is through a medicine take-back program. Talk to your pharmacist or contact your local garbage/recycling department to learn about take-back programs in your community.  See the FDA's Safe Disposal of Medicines website (http://goo.gl/c4Rm4p) for more information if you do not have access to a take-back program.", "title": "Delavirdine", "side_effects": "Delavirdine may cause side effects. Tell your doctor if any of these symptoms are severe or do not go away:\r \r excessive tirednessheadachenauseadiarrhearashSome side effects can be serious. If you experience any of the following symptoms, stop taking delavirdine and call your doctor immediately or get emergency medical treatment:\r \r rash along with other symptoms such as fever, blistering, sores in the mouth, red or swollen eyes, or muscle or joint painhivesitchingswelling of the face, throat, tongue, lips, eyes, hands, feet, ankles, or lower legshoarsenessdifficulty breathing or swallowingDelavirdine may cause other side effects. Call your doctor if you have any unusual problems while taking this medication.If you experience a serious side effect, you or your doctor may send a report to the Food and Drug Administration's (FDA) MedWatch Adverse Event Reporting program online (http://www.fda.gov/Safety/MedWatch) or by phone (1-800-332-1088).", "how": "Delavirdine comes as a tablet to take by mouth. It usually is taken three times a day with or without food. Take delavirdine around the same times every day. Follow the directions on your prescription label carefully, and ask your doctor or pharmacist to explain any part you do not understand. Take delavirdine exactly as directed. Do not take more or less of it or take it more often than prescribed by your doctor.If you have trouble swallowing the 100-mg tablets, they may be dispersed in water. To prepare, add four tablets to at least 3 ounces (90 milliliters) of water, allow to stand for a few minutes, and then stir until all tablets dissolve. Drink the delavirdine-water mixture right away. Rinse the glass and swallow the rinse to ensure that you have gotten the entire dose. The 200-mg tablets (which are smaller than the 100-mg tablets) should always be swallowed whole, because they do not readily dissolve in water.Your doctor may tell you to take delavirdine tablets with orange or cranberry juice if you have certain medical conditions such as achlorhydria (a condition in which stomach has little or no acid). Follow these directions carefully.Delavirdine may control HIV but will not cure it. Continue to take delavirdine even if you feel well. Do not stop taking delavirdine or any of the other medications that you are taking to treat HIV or AIDS without talking to your doctor. When your supply of delavirdine starts to run low, get more from your doctor or pharmacist. If you miss doses or stop taking delavirdine, your condition may become more difficult to treat.Ask your pharmacist or doctor for a copy of the manufacturer's information for the patient."}