{"other_information": "Keep all appointments with your doctor.Do not allow anyone else to take your medication. Ask your pharmacist any questions you have about refilling your prescription.It is important for you to keep a written list of all of the prescription and nonprescription (over-the-counter) medicines you are taking, as well as any products such as vitamins, minerals, or other dietary supplements. You should bring this list with you each time you visit a doctor or if you are admitted to a hospital. It is also important information to carry with you in case of emergencies.", "other_uses": "This medication is sometimes prescribed for other uses; ask your doctor or pharmacist for more information.", "if_i_forget": "Take the missed dose as soon as you remember it. However, if it is almost time for the next dose, skip the missed dose and continue your regular dosing schedule. Do not take a double dose to make up for a missed one.", "special_dietary": "Unless your doctor tells you otherwise, continue your normal diet.", "overdose": "In case of overdose, call your local poison control center at 1-800-222-1222. If the victim has collapsed or is not breathing, call local emergency services at 911.Symptoms of overdose may include\r \r irregular heartbeatseizurescoma (loss of consciousness for a period of time)confusionhallucination (seeing things that do not exist)widened pupils (dark circles in the middle of the eyes)drowsinessagitationfeverlow body temperaturestiff musclesvomiting", "precautions": "Before taking desipramine,tell your doctor and pharmacist if you are allergic to desipramine, clomipramine (Anafranil), imipramine (Tofranil), trimipramine (Surmontil), any other medications, or any of the ingredients in desipramine tablets. Ask your doctor or pharmacist for a list of the ingredients.tell your doctor if you are taking a monoamine oxidase (MAO) inhibitor such as isocarboxazid (Marplan), linezolid (Zyvox), methylene blue, phenelzine (Nardil), selegiline (Eldepryl, Emsam, Zelapar), and tranylcypromine (Parnate), or if you have stopped taking an MAO inhibitor within the past 14 days. Your doctor will probably tell you not to take desipramine. If you stop taking desipramine, you should wait at least 14 days before you start to take an MAO inhibitor.tell your doctor and pharmacist what prescription and nonprescription medications, vitamins, herbal products and nutritional supplements you are taking or plan to take. Be sure to mention any of the following: anticoagulants (blood thinners) such as warfarin (Coumadin); antihistamines; cimetidine (Tagamet); estrogens; flecainide (Tambocor); fluoxetine (Prozac); guanethidine (Ismelin); levodopa (Sinemet, Larodopa); lithium (Eskalith, Lithobid); medication for high blood pressure, seizures, Parkinson's disease, diabetes, mental illness, nausea, asthma, colds, or allergies; methylphenidate (Ritalin); muscle relaxants; oral contraceptives; phenobarbital; propafenone (Rythmol); quinidine; sedatives; selective serotonin reuptake inhibitors (SSRIs) such as citalopram (Celexa), escitalopram (Lexapro), fluoxetine (Prozac, Sarafem), fluvoxamine (Luvox), paroxetine (Paxil), and sertraline (Zoloft); sleeping pills; thyroid medications; and tranquilizers. Your doctor may need to change the doses of your medications or monitor you carefully for side effects. Your doctor may tell you not to take desipramine if you have stopped taking fluoxetine during the past 5 weeks.tell your doctor if you have recently had a heart attack. Your doctor may tell you that you should not take desipramine.tell your doctor if anyone in your family has or has ever had an irregular heartbeat or has died suddenly. Also tell your doctor if you have or have ever had heart or blood vessel disease such as high blood pressure, atherosclerosis (hardening of the arteries), angina (chest pain), irregular heartbeat, or a heart attack; an enlarged prostate (a male reproductive gland) difficulty urinating; diabetes; seizures; an overactive thyroid gland; schizophrenia (a mental illness that causes disturbed or unusual thinking, loss of interest in life, and strong or inappropriate emotions); or liver or kidney disease.tell your doctor if you are pregnant, plan to become pregnant, or are breast-feeding. If you become pregnant while taking desipramine, call your doctor.if you are having surgery, including dental surgery, tell the doctor or dentist that you are taking desipramine.you should know that this medication may make you drowsy. Do not drive a car or operate machinery until you know how this medication affects you.ask your doctor about the safe use of alcohol while you are taking this medication.tell your doctor if you use tobacco products. Cigarette smoking may decrease the effectiveness of this medication.you should know that desipramine may cause angle-closure glaucoma (a condition where the fluid is suddenly blocked and unable to flow out of the eye causing a quick, severe increase in eye pressure which may lead to a loss of vision). Talk to your doctor about having an eye examination before you start taking this medication. If you have nausea, eye pain, changes in vision, such as seeing colored rings around lights, and swelling or redness in or around the eye, call your doctor or get emergency medical treatment right away.", "why": "Desipramine is used to treat depression. Desipramine is in a class of medications called tricyclic antidepressants. It works by increasing the amounts of certain natural substances in the brain that are needed for mental balance.", "storage_conditions": "Keep this medication in the container it came in, tightly closed, and out of the reach of children. Store it at room temperature and away from excess heat and moisture (not in the bathroom). Throw away any medication that is outdated or no longer needed. Talk to your pharmacist about the proper disposal of your medication.", "title": "Desipramine", "side_effects": "Desipramine may cause side effects. Call your doctor if any of these symptoms become severe or do not go away:\r \r nauseadrowsinessweakness or tirednessnightmaresdry mouthskin more sensitive to sunlight than usualchanges in appetite or weightconstipationdifficulty urinatingfrequent urinationchanges in sex drive or abilityexcessive sweatingSome side effects can be serious. If you experience any of the following symptoms, or those listed in the IMPORTANT WARNING or SPECIAL PRECAUTIONS section, call your doctor immediately or get emergency medical treatment:\r \r jaw, neck, and back muscle spasmsslow or difficult speechshuffling walkuncontrollable shaking or movement of a part of the bodyfeverdifficulty breathing or swallowingsevere rashyellowing of the skin or eyesirregular heartbeatseizuressore throat, fever, and other signs of infectionIf you experience a serious side effect, you or your doctor may send a report to the Food and Drug Administration's (FDA) MedWatch Adverse Event Reporting program online (http://www.fda.gov/Safety/MedWatch) or by phone (1-800-332-1088).", "how": "Desipramine comes as a tablet to take by mouth. It is usually taken one or more times a day and may be taken with or without food. Take desipramine at around the same time(s) every day. Follow the directions on your prescription label carefully, and ask your doctor or pharmacist to explain any part you do not understand. Take desipramine exactly as directed. Do not take more or less of it or take it more often than prescribed by your doctor.Your doctor may start you on a low dose of desipramine and gradually increase your dose.It may take 2 to 3 weeks for you to feel the full benefit of desipramine. Continue to take desipramine even if you feel well. Do not stop taking desipramine without talking to your doctor. If you suddenly stop taking desipramine, you may experience withdrawal symptoms such as nausea, headache, and weakness. Your doctor will probably want to decrease your dose gradually."}