{"other_information": "Keep all appointments with your doctor and the laboratory. Your doctor will order certain lab tests to check your response to dicloxacillin.If you are diabetic, use Clinistix or TesTape (not Clinitest) to test your urine for sugar while taking this drug.Do not let anyone else take your medication. Your prescription is probably not refillable. If you still have symptoms of infection after you finish the dicloxacillin, call your doctor.It is important for you to keep a written list of all of the prescription and nonprescription (over-the-counter) medicines you are taking, as well as any products such as vitamins, minerals, or other dietary supplements. You should bring this list with you each time you visit a doctor or if you are admitted to a hospital. It is also important information to carry with you in case of emergencies.", "other_uses": [], "if_i_forget": "Take the missed dose as soon as you remember it. However, if it is almost time for the next dose, skip the missed dose and continue your regular dosing schedule. Do not take a double dose to make up for a missed one.", "special_dietary": "Take dicloxacillin at least 1 hour before or 2 hours after meals.", "overdose": "In case of overdose, call your local poison control center at 1-800-222-1222. If the victim has collapsed or is not breathing, call local emergency services at 911.", "precautions": "Before taking dicloxacillin,tell your doctor and pharmacist if you are allergic to dicloxacillin, penicillin, or any other drugs.tell your doctor and pharmacist what prescription and nonprescription medications you are taking, especially other antibiotics, anticoagulants ('blood thinners') such as warfarin (Coumadin), aspirin or other nonsteroidal anti-inflammatory medicine such as naproxen (Anaprox) or ibuprofen (Motrin), atenolol (Tenormin), oral contraceptives, probenecid (Benemid), and vitamins.tell your doctor if you have or have ever had kidney or liver disease, allergies, asthma, blood disease, colitis, stomach problems, or hay fever.tell your doctor if you are pregnant, plan to become pregnant, or are breast-feeding. If you become pregnant while taking dicloxacillin, call your doctor.if you are having surgery, including dental surgery, tell the doctor or dentist that you are taking dicloxacillin.", "why": "Dicloxacillin is a penicillin-like antibiotic used to treat certain infections caused by bacteria such as pneumonia and bone, ear, skin, and urinary tract infections. Antibiotics will not work for colds, flu, or other viral infections.This medication is sometimes prescribed for other uses; ask your doctor or pharmacist for more information.", "storage_conditions": "Keep this medicine in the container it came in, tightly closed, and out of reach of children. Store the capsules at room temperature and away from excess heat and moisture (not in the bathroom). Throw away any medication that is outdated or no longer needed. Keep liquid medicine in the refrigerator, closed tightly, and throw away any unused medication after 14 days. Do not freeze. Talk to your pharmacist about the proper disposal of your medication.", "title": "Dicloxacillin", "side_effects": "Dicloxacillin may cause side effects. Tell your doctor if any of these symptoms are severe or do not go away:\r \r upset stomachdiarrheavomitingmild skin rashIf you experience any of the following symptoms, call your doctor immediately:\r \r severe skin rashitchinghivesdifficulty breathing or swallowingwheezingvaginal infectionIf you experience a serious side effect, you or your doctor may send a report to the Food and Drug Administration's (FDA) MedWatch Adverse Event Reporting program online (http://www.fda.gov/Safety/MedWatch) or by phone (1-800-332-1088).", "how": "Dicloxacillin comes as a capsule and liquid to take by mouth. It is usually taken every 6 hours (four times a day). Follow the directions on your prescription label carefully, and ask your doctor or pharmacist to explain any part you do not understand. Take dicloxacillin exactly as directed. Do not take more or less of it or take it more often than prescribed by your doctor.Shake the liquid well before each use to mix the medication evenly.The capsules should be swallowed whole and taken with a full glass of water.Continue to take dicloxacillin even if you feel well. Do not stop taking dicloxacillin without talking to your doctor."}