{"other_information": "Before having any laboratory test, tell your doctor and the laboratory personnel that you are taking diflunisal.Do not let anyone else take your medication. Ask your pharmacist any questions you have about refilling your prescription.It is important for you to keep a written list of all of the prescription and nonprescription (over-the-counter) medicines you are taking, as well as any products such as vitamins, minerals, or other dietary supplements. You should bring this list with you each time you visit a doctor or if you are admitted to a hospital. It is also important information to carry with you in case of emergencies.", "other_uses": "This medication is sometimes prescribed for other uses; ask your doctor or pharmacist for more information.", "if_i_forget": "Take the missed dose as soon as you remember it. However, if it is almost time for the next dose, skip the missed dose and continue your regular dosing schedule. Do not take a double dose to make up for a missed one.", "special_dietary": "Unless your doctor tells you otherwise, continue your normal diet.", "overdose": "In case of overdose, call your local poison control center at 1-800-222-1222. If the victim has collapsed or is not breathing, call local emergency services at 911.Symptoms of overdose may include:\r \r <ol>drowsinessvomitingupset stomachdiarrheadecreased urinationfast breathingfast heartbeatsweatingringing in the earsconfusioncoma (loss of consciousness for a period of time)</ol>", "precautions": "Before taking diflunisal,tell your doctor and pharmacist if you are allergic to diflunisal, aspirin or other NSAIDs such as ibuprofen (Advil, Motrin) and naproxen (Aleve, Naprosyn), or any other medications.tell your doctor and pharmacist what prescription and nonprescription medications, vitamins, nutritional supplements, and herbal products you are taking or plan to take. Be sure to mention the medications listed in the IMPORTANT WARNING section and any of the following: acetaminophen (Tylenol); angiotensin-converting enzyme (ACE) inhibitors such as benazepril (Lotensin), captopril (Capoten), enalapril (Vasotec), fosinopril (Monopril), lisinopril (Prinivil, Zestril), moexipril (Univasc), perindopril (Aceon), quinapril (Accupril), ramipril (Altace), and trandolapril (Mavik); angiotensin II receptor antagonists such as candesartan (Atacand), eprosartan (Teveten), irbesartan (Avapro), losartan (Cozaar), olmesartan (Benicar), telmisartan (Micardis), and valsartan (Diovan); antacids; cyclosporine (Neoral, Sandimmune); diuretics ('water pills'); indomethacin (Indocin); lithium (Eskalith, Lithobid); methotrexate (Rheumatrex); and sulindac (Clinoril). Your doctor may need to change the dose of your medications or monitor you carefully for side effects.tell your doctor if you have or have ever had any of the conditions mentioned in the IMPORTANT WARNING section or asthma, especially if you also have frequent stuffed or runny nose or nasal polyps (swelling of the lining of the nose); swelling of the hands, feet, ankles, or lower legs; or liver or kidney disease.tell your doctor if you are pregnant, especially if you are in the last few months of your pregnancy, you plan to become pregnant, or you are breast-feeding. If you become pregnant while taking diflunisal, call your doctor.if you are having surgery, including dental surgery, tell the doctor or dentist that you are taking diflunisal.call your doctor if you think you may have a virus, such as chicken pox or the flu. Do not take diflunisal if you have a virus, and do not give diflunisal to a child who has a virus.", "why": "Diflunisal is used to relieve pain, tenderness, swelling and stiffness caused by osteoarthritis (arthritis caused by a breakdown of the lining of the joints) and rheumatoid arthritis (arthritis caused by swelling of the lining of the joints). Diflunisal is also used to relieve mild to moderate pain from other causes. Diflunisal is in a class of medications called NSAIDs. It works by stopping the body's production of a substance that causes pain, fever, and inflammation.", "storage_conditions": "Keep this medication in the container it came in, tightly closed, and out of reach of children. Store it at room temperature and away from excess heat and moisture (not in the bathroom). Throw away any medication that is outdated or no longer needed. Talk to your pharmacist about the proper disposal of your medication.", "title": "Diflunisal", "side_effects": "Diflunisal may cause side effects. Tell your doctor if any of these symptoms are severe or do not go away:\r \r vomitingdiarrheaconstipationgasheadachedizzinessringing in the earsproblems with visionSome side effects can be serious. If you experience any of the following symptoms or those mentioned in the IMPORTANT WARNING section, call your doctor immediately. Do not take any more diflunisal until you speak to your doctor.\r \r upset stomachexcessive tirednessunusual bleeding or bruisingitchinglack of energyloss of appetitepain in the upper right part of the stomachyellowing of the skin or eyesflu-like symptomsrashblistersfever or chillspale skinfast heartbeateasy bruising or bleedingmuscle or joint painunexplained weight gainback paincloudy, discolored, or bloody urinedifficult or painful urinationfrequent urination, especially at nightswelling of the face, throat, tongue, lips, eyes, hands, feet, ankles, or lower legshoarsenessdifficulty swallowing or breathingDiflunisal may cause other side effects. Call your doctor if you have any unusual problems while taking this medication.If you experience a serious side effect, you or your doctor may send a report to the Food and Drug Administration's (FDA) MedWatch Adverse Event Reporting program online (http://www.fda.gov/Safety/MedWatch) or by phone (1-800-332-1088).", "how": "Diflunisal comes as a tablet to take by mouth. It usually is taken with water, milk, or food every 8 to 12 hours Take diflunisal at around the same times every day. Follow the directions on your prescription label carefully, and ask your doctor or pharmacist to explain any part you do not understand. Take diflunisal exactly as directed. Do not take more or less of it or take it more often than prescribed by your doctor.Swallow the tablets whole; do not split, chew, or crush them.It may take several days or longer for you to feel the full benefit of diflunisal. Continue to take diflunisal until your doctor tells you that you should stop taking the medication."}