{"other_information": "It is important for you to keep a written list of all of the prescription and nonprescription (over-the-counter) medicines you are taking, as well as any products such as vitamins, minerals, or other dietary supplements. You should bring this list with you each time you visit a doctor or if you are admitted to a hospital. It is also important information to carry with you in case of emergencies.", "other_uses": "This medication may be prescribed for other uses; ask your doctor or pharmacist for more information.", "if_i_forget": "If you miss an appointment to receive dinutuximab, call your child's doctor as soon as possible.", "special_dietary": [], "overdose": [], "precautions": "Before receiving dinutuximab injection,tell your doctor and pharmacist if your child is allergic to dinutuximab, any other medications, or any of the ingredients in dinutuximab injection. Ask your pharmacist for a list of the ingredients.tell your doctor and pharmacist what other prescription and nonprescription medications, vitamins, nutritional supplements, and herbal products your child is taking or plans to take. Your doctor may need to change the doses of medications or monitor your child carefully for side effects.tell your doctor if it is possible that your child could become pregnant. Dinutuximab injection may harm the fetus. If needed, your child should use birth control to prevent pregnancy during treatment with dinutuximab and for up to 2 months after treatment. Talk to your doctor about types of birth control that will work. If your child becomes pregnant while using dinutuximab injection, call your doctor.", "why": "Dinutuximab injection is used in combination with other medications to treat neuroblastoma (a cancer that begins in nerve cells) in children who have responded to other treatments. Dinutuximab injection is in a class of medications called monoclonal antibodies. It works by killing cancer cells.", "storage_conditions": [], "title": "Dinutuximab Injection", "side_effects": "Dinutuximab injection may cause side effects. Tell your doctor if any of these symptoms are severe or do not go away:\r \r vomitingdiarrheanauseadecreased appetiteweight gainSome side effects can be serious. If your child experiences any of these symptoms or those listed in the IMPORTANT WARNING section, call your doctor immediately or get emergency medical treatment:\r \r fever, chills, and other signs of infectionblurred visionchanges in visionsensitivity to lightdrooping eyelidsseizuresmuscle crampsrapid heartbeatfatigueblood in urineunusual bleeding or bruisingvomit that is bloody or looks like coffee groundsstool that contains bright red blood or is black and tarrypale skinswelling of the hands, feet, ankles, or lower legsshortness of breathfainting, dizziness or lightheadednessDinutuximab injection may cause other side effects. Call your doctor if you have any unusual problems while receiving this medication.If you experience a serious side effect, you or your doctor may send a report to the Food and Drug Administration's (FDA) MedWatch Adverse Event Reporting program online (http://www.fda.gov/Safety/MedWatch) or by phone (1-800-332-1088).", "how": "Dinutuximab injection comes as a solution (liquid) to be injected intravenously (into a vein) over 10 to 20 hours by a doctor or nurse in a medical facility or infusion center. It is usually given for 4 consecutive days within a treatment cycle for up to 5 cycles.Be sure to tell the doctor how your child is feeling during the treatment. Your child's doctor may decrease the dose, or stop the treatment for a while or permanently if your child experiences side effects to the medication."}