{"other_information": "Keep all appointments with your doctor and the laboratory. Your doctor may order certain lab tests to check your body's response to doripenem injection.Do not let anyone else take your medication. If you still have symptoms of infection after you finish doripenem injection, talk to your doctor.It is important for you to keep a written list of all of the prescription and nonprescription (over-the-counter) medicines you are taking, as well as any products such as vitamins, minerals, or other dietary supplements. You should bring this list with you each time you visit a doctor or if you are admitted to a hospital. It is also important information to carry with you in case of emergencies.", "other_uses": "This medication may be prescribed for other uses; ask your doctor or pharmacist for more information.", "if_i_forget": "Use the missed dose as soon as you remember it. However, if it is almost time for the next dose, skip the missed dose and continue your regular dosing schedule. Do not use a double dose to make up for a missed one.", "special_dietary": "Unless your doctor tells you otherwise, continue your normal diet.", "overdose": "In case of overdose, call your local poison control center at 1-800-222-1222. If the victim has collapsed or is not breathing, call local emergency services at 911.", "precautions": "Before using doripenem injection,tell your doctor and pharmacist if you are allergic to doripenem injection; other carbapenem antibiotics such as imipenem/cilastatin (Primaxin) or meropenem (Merrem); penicillins; cephalosporin antibiotics such as cefaclor, cefadroxil, cefuroxime (Ceftin, Zinacef), or cephalexin (Keflex); aztreonam (Azactam); or any other medications.tell your doctor and pharmacist what other prescription and nonprescription medications, vitamins, nutritional supplements, and herbal products you are taking or plan to take. Be sure to mention the following: probenecid (Probalan, in Col-Probenecid) and valproic acid (Depakene). Your doctor may need to change the doses of your medications or monitor you carefully for side effects.tell your doctor if you have any allergies and if you have or have ever had a stroke, seizures or kidney disease.tell your doctor if you are pregnant, plan to become pregnant, or are breast-feeding. If you become pregnant while using doripenem injection, call your doctor.", "why": "Doripenem injection is used to treat serious infections of the urinary tract, kidney, and abdomen that are caused by bacteria. Doripenem injection is not approved by the Food and Drug Administration (FDA) to treat pneumonia that developed in people who were on a ventilator in a hospital. Doripenem injection is in a class of medications called carbapenem antibiotics. It works by killing bacteria.Antibiotics such as doripenem injection will not work for colds, flu, or other viral infections. Taking antibiotics when they are not needed increases your risk of getting an infection later that resists antibiotic treatment.", "storage_conditions": [], "title": "Doripenem Injection", "side_effects": "Doripenem injection may cause side effects. Tell your doctor if any of these symptoms are severe or do not go away:\r \r headachenauseadiarrhearedness, pain, or swelling at the injection siteSome side effects can be serious. If you experience any of these symptoms, call your doctor immediately:\r \r hivesitchingrashblisters on the skin, mouth, nose, and eyessloughing (shedding) of skinfeverdifficulty breathing or swallowingseizureswatery or bloody stools (up to 2 months after your treatment)excessive tirednessweaknessshortness of breathpale skinDoripenem may cause other side effects. Call your doctor if you have any unusual problems while taking this medication.If you experience a serious side effect, you or your doctor may send a report to the Food and Drug Administration's (FDA) MedWatch Adverse Event Reporting program online (http://www.fda.gov/Safety/MedWatch) or by phone (1-800-332-1088).", "how": "Doripenem injection comes as a liquid to be injected intravenously (into a vein). It is usually given every 8 hours. The length of your treatment depends on the type of infection being treated. After your condition improves, your doctor may switch you to another antibiotic that you can take by mouth to complete your treatment. You may receive doripenem injection in a hospital or you may administer the medication at home. If you are using doripenem injection at home, use it at around the same times every day. Follow the directions on your prescription label carefully, and ask your doctor or pharmacist to explain any part you do not understand. Use doripenem injection exactly as directed. Do not use more or less of it or use it more often than prescribed by your doctor.You should begin to feel better during the first few days of treatment with doripenem injection. If your symptoms do not improve or get worse, call your doctor.Use doripenem injection until you finish the prescription, even if you feel better. If you stop using doripenem injection too soon or skip doses, your infection may not be completely treated and the bacteria may become resistant to antibiotics."}