{"other_information": "Keep all appointments with your doctor. Your doctor will order certain eye tests to check your response to dorzolamide eye drops.Do not let anyone else use your medication. Ask your pharmacist any questions you have about refilling your prescription.It is important for you to keep a written list of all of the prescription and nonprescription (over-the-counter) medicines you are taking, as well as any products such as vitamins, minerals, or other dietary supplements. You should bring this list with you each time you visit a doctor or if you are admitted to a hospital. It is also important information to carry with you in case of emergencies.", "other_uses": "This medication is sometimes prescribed for other uses; ask your doctor or pharmacist for more information.", "if_i_forget": "Instill the missed dose as soon as you remember it. However, if it is almost time for the next dose, skip the missed dose and continue your regular dosing schedule. Do not instill a double dose to make up for a missed one.", "special_dietary": [], "overdose": [], "precautions": "Before using dorzolamide eye drops,tell your doctor and pharmacist if you are allergic to dorzolamide, other antibiotics, sulfa drugs, or any other drugs.tell your doctor and pharmacist what prescription and nonprescription medications you are taking, especially eye medications, products that contain aspirin, and vitamins.tell your doctor if you have or have ever had kidney disease.tell your doctor if you are pregnant, plan to become pregnant, or are breast-feeding. If you become pregnant while using dorzolamide eye drops, call your doctor.if you are having surgery, including dental surgery, tell the doctor or dentist that you are using dorzolamide eye drops.if you are using another topical eye medication, instill it at least 10 minutes before or after you instill dorzolamide eye drops.tell your doctor if you wear soft contact lenses. Remove your contact lenses before instilling dorzolamide eye drops and put them back in at least 15 minutes later.", "why": "Ophthalmic dorzolamide is used to treat glaucoma, a condition in which increased pressure in the eye can lead to gradual loss of vision. Dorzolamide is in a class of medications called carbonic anhydrase inhibitors. It works by decreasing the pressure in the eye.", "storage_conditions": "Keep this medication in the container it came in, tightly closed, and out of reach of children. Store it at room temperature and away from excess heat and moisture (not in the bathroom). Throw away any medication that is outdated or no longer needed. Talk to your pharmacist about the proper disposal of your medication.", "title": "Dorzolamide Ophthalmic", "side_effects": "Dorzolamide eye drops may cause side effects. Tell your doctor if any of these symptoms are severe or do not go away:\r \r stinging, burning, or discomfort in the eye after inserting the dropsbitter taste after inserting the dropssensitivity to lightupset stomachvomitingSome side effects can be serious. If you experience any of the following symptoms, stop using dorzolamide eye drops and call your doctor immediately:\r \r itching eyesredness or swelling eyeswatery eyesdrynessskin rashIf you experience a serious side effect, you or your doctor may send a report to the Food and Drug Administration's (FDA) MedWatch Adverse Event Reporting program online (http://www.fda.gov/Safety/MedWatch) or by phone (1-800-332-1088).", "how": "Ophthalmic dorzolamide comes as a solution (liquid) to instill in the eye. Dorzolamide eye drops are usually instilled three times a day. Follow the directions on your prescription label carefully, and ask your doctor or pharmacist to explain any part you do not understand. Use dorzolamide eye drops exactly as directed. Do not use more or less of them or use them more often than prescribed by your doctor.Dorzolamide eye drops control glaucoma but do not cure it. Continue to use dorzolamide eye drops even if you feel well. Do not stop using dorzolamide eye drops without talking to your doctor.To instill the eye drops, follow these steps:\r \r <ol>Wash your hands thoroughly with soap and water.Check the dropper tip to make sure that it is not chipped or cracked.Avoid touching the dropper tip against your eye or anything else; eye drops and droppers must be kept clean.While tilting your head back, pull down the lower lid of your eye with your index finger to form a pocket.Hold the dropper (tip down) with the other hand, as close to the eye as possible without touching it.Brace the remaining fingers of that hand against your face.While looking up, gently squeeze the dropper so that a single drop falls into the pocket made by the lower eyelid. Remove your index finger from the lower eyelid.Close your eye for 2 to 3 minutes and tip your head down as though looking at the floor. Try not to blink or squeeze your eyelids.Place a finger on the tear duct and apply gentle pressure.Wipe any excess liquid from your face with a tissue.If you are to use more than one drop in the same eye, wait at least 5 minutes before instilling the next drop.Replace and tighten the cap on the dropper bottle. Do not wipe or rinse the dropper tip.Wash your hands to remove any medication.</ol>"}