{"other_information": "Keep all appointments with your doctor and the laboratory. Your doctor will order certain tests to check your body's response to doxorubicin lipid complex.It is important for you to keep a written list of all of the prescription and nonprescription (over-the-counter) medicines you are taking, as well as any products such as vitamins, minerals, or other dietary supplements. You should bring this list with you each time you visit a doctor or if you are admitted to a hospital. It is also important information to carry with you in case of emergencies.", "other_uses": "This medication may be prescribed for other uses; ask your doctor or pharmacist for more information.", "if_i_forget": [], "special_dietary": "Unless your doctor tells you otherwise, continue your normal diet.", "overdose": "In case of overdose, call your local poison control center at 1-800-222-1222. If the victim has collapsed or is not breathing, call local emergency services at 911.Symptoms of overdose may include the following:\r \r sores in the mouth and throatfever, sore throat, chills, or other signs of infectionunusual bleeding or bruisingblack and tarry stoolsred blood in stoolsbloody vomitvomited material that looks like coffee grounds", "precautions": "Before receiving doxorubicin lipid complex,tell your doctor and pharmacist if you are allergic to doxorubicin, any other medications, or any of the ingredients in doxorubicin lipid complex injection. Ask your pharmacist for a list of the ingredients.tell your doctor and pharmacist what other prescription and nonprescription medications, vitamins, nutritional supplements, and herbal products you are taking or plan to take. Be sure to mention the medications listed in the IMPORTANT WARNING section and any of the following: certain chemotherapy medications such as cytarabine (DepoCyt), dexrazoxane (Zinecard), mercaptopurine (Purinethol), streptozocin (Zanosar); phenobarbital (Luminal Sodium); or phenytoin (Dilantin). Your doctor may need to change the doses of your medications or monitor you carefully for side effects. Other medications may also interact with doxorubicin lipid complex, so be sure to tell your doctor about all the medications you are taking, even those that do not appear on this list.tell your doctor if you have or have ever had any other medical conditions.tell your doctor if you are pregnant, plan to become pregnant, or are breast-feeding. You should not become pregnant or breast-feed while you are receiving doxorubicin lipid complex. If you become pregnant while receiving doxorubicin lipid complex, call your doctor. Doxorubicin lipid complex may harm the fetus.", "why": "Doxorubicin lipid complex is used to treat ovarian cancer that has not improved or that has worsened after treatment with other medications. Doxorubicin lipid complex is also used to treat Kaposi's sarcoma (a type of cancer that causes abnormal tissue to grow on different parts of the body) related to acquired immunodeficiency syndrome (AIDS) that has not improved or that has worsened after treatment with other medications. Doxorubicin lipid complex is also in combination with another chemotherapy drug to treat multiple myeloma (a type of cancer of the bone marrow) that has not improved or that has worsened after treatment with other medications. Doxorubicin lipid complex is in a class of medications called anthracyclines. It works by slowing or stopping the growth of cancer cells in your body.", "storage_conditions": [], "title": "Doxorubicin Lipid Complex Injection", "side_effects": "Doxorubicin lipid complex may cause side effects. Tell your doctor if any of these symptoms are severe or do not go away:\r \r loss of appetite (or weight loss)nauseavomitingstomach paindiarrheaconstipationunusual tiredness or weaknessdizzinesshair lossnosebleedred or orange discoloration of urineSome side effects can be serious. If you experience any of these symptoms or those listed in the IMPORTANT WARNING section, call your doctor immediately:\r \r sores in the mouth and throattingling, burning, redness, swelling, peeling or flaking, blisters, or sores on the palms of the hands or soles of the feetpain, itching, redness, swelling, blisters, or sores in the place where the medication was injectedDoxorubicin lipid complex may cause other side effects. Call your doctor if you have any unusual problems while taking this medication.If you experience a serious side effect, you or your doctor may send a report to the Food and Drug Administration's (FDA) MedWatch Adverse Event Reporting program online (http://www.fda.gov/Safety/MedWatch) or by phone (1-800-332-1088).", "how": "Doxorubicin lipid complex comes as a liquid to be injected intravenously (into a vein) over 1 hour by a doctor or nurse in a medical facility. When doxorubicin lipid complex is used to treat ovarian cancer, it is given once every 4 weeks. When doxorubicin lipid complex is used to treat Kaposi's sarcoma, it is given once every 3 weeks. When doxorubicin lipid complex is used to treat multiple myeloma, it is given on certain days every 3 weeks.Ask your pharmacist or doctor for a copy of the manufacturer's information for the patient."}