{"other_information": "Ask your pharmacist any questions you have about doxylamine.It is important for you to keep a written list of all of the prescription and nonprescription (over-the-counter) medicines you are taking, as well as any products such as vitamins, minerals, or other dietary supplements. You should bring this list with you each time you visit a doctor or if you are admitted to a hospital. It is also important information to carry with you in case of emergencies.", "other_uses": "This medication is sometimes prescribed for other uses; ask your doctor or pharmacist for more information.", "if_i_forget": "Doxylamine is usually taken as needed. If your doctor has told you to take doxylamine regularly, take the missed dose as soon as you remember it. However, if it is almost time for the next dose, skip the missed dose and continue your regular dosing schedule. Do not take a double dose to make up for a missed one.", "special_dietary": "Unless your doctor tells you otherwise, continue your normal diet.", "overdose": "In case of overdose, call your local poison control center at 1-800-222-1222. If the victim has collapsed or is not breathing, call local emergency services at 911.", "precautions": "Before taking doxylamine,tell your doctor and pharmacist if you are allergic to doxylamine or any other medications.tell your doctor and pharmacist what prescription and nonprescription medications, vitamins, nutritional supplements, and herbal products you are taking or plan to take. Be sure to mention any of the following: medications for colds, hay fever, or allergies; medications for depression; muscle relaxants; narcotic medications for pain; sedatives; sleep medications; and tranquilizers.tell your doctor if you have or have ever had asthma, emphysema, chronic bronchitis, or other breathing problems; glaucoma (a condition in which increased pressure in the eye can lead to gradual loss of vision); ulcers; difficulty urinating (due to an enlarged prostate gland); heart disease, high blood pressure, seizures,or an overactive thyroid gland.tell your doctor if you are pregnant, plan to become pregnant, or are breast-feeding. If you become pregnant while taking doxylamine, call your doctor.if you are having surgery, including dental surgery, tell the doctor or dentist that you are taking doxylamine.you should know that this medication may make you drowsy. Do not drive a car or operate machinery until you know how this medication affects you.remember that alcohol can add to the drowsiness caused by this medication. Avoid alcoholic beverages while you are taking this medication.", "why": "Doxylamine is used in the short-term treatment of insomnia (difficulty falling asleep or staying asleep). Doxylamine is also used in combination with decongestants and other medications to relieve sneezing, runny nose, and nasal congestion caused by the common cold. Doxylamine should not be used to cause sleepiness in children. Doxylamine is in a class of medications called antihistamines. It works by blocking the action of histamine, a substance in the body that causes allergic symptoms.", "storage_conditions": "Keep this medication in the container it came in, tightly closed, and out of reach of children. Store it at room temperature and away from excess heat and moisture (not in the bathroom). Throw away any medication that is outdated or no longer needed. Talk to your pharmacist about the proper disposal of your medication.", "title": "Doxylamine", "side_effects": "Doxylamine may cause side effects. Tell your doctor if any of these symptoms are severe or do not go away:\r \r dry mouth, nose, and throatdrowsinessnauseaincreased chest congestionheadacheexcitementnervousnessIf you experience any of the following symptoms, call your doctor immediately:\r \r vision problemsdifficulty urinatingDoxylamine may cause other side effects. Call your doctor if you have any unusual problems while you are taking this medication.If you experience a serious side effect, you or your doctor may send a report to the Food and Drug Administration's (FDA) MedWatch Adverse Event Reporting program online (http://www.fda.gov/Safety/MedWatch) or by phone (1-800-332-1088).", "how": "Doxylamine comes as a tablet to take by mouth for sleep, and in combination with other medications as a liquid and liquid-filled capsule to treat symptoms of the common cold. When doxylamine is used to reduce difficulty falling asleep, it usually is taken 30 minutes before bedtime. When doxylamine is used to treat cold symptoms, it is usually taken every 4 to 6 hours. Follow the directions on the package label or on your prescription label carefully, and ask your doctor or pharmacist to explain any part you do not understand. Take doxylamine exactly as directed. Do not take more or less of it or take it more often than prescribed by your doctor or directed on the package label.Doxylamine comes alone and in combination with pain relievers, fever reducers, and cough suppressants, If you are choosing a product to treat cough or cold symptoms, ask your doctor or pharmacist for advice on which product is best for your symptoms. Check nonprescription cough and cold product labels carefully before using two or more products at the same time. These products may contain the same active ingredient(s) and taking them together could cause you to receive an overdose.Nonprescription cough and cold combination products, including products that contain doxylamine, can cause serious side effects or death in young children. Do not give nonprescription products that contain doxylamine to children younger than 4 years of age. Ask a doctor before giving these products to children 4 to 12 years of age.Cough and cold symptoms that get worse or that do not go away may be signs of a more serious condition. If you are taking doxylamine in combination with other medications to treat cough and cold symptoms, call your doctor if your symptoms worsen or if they last longer than 7 days.If you are taking doxylamine to treat insomnia, you will probably become very sleepy soon after you take the medication and will remain sleepy for some time after you take the medication. Plan to remain asleep for 7 to 8 hours after taking the medication. If you get up too soon after taking doxylamine, you may be drowsy.Doxylamine should only be used to treat insomnia for a short time. Call your doctor if you feel that you need to take doxylamine for longer than 2 weeks.If you are using the liquid, do not use a household spoon to measure your dose. Use the measuring cup or spoon that came with the medication or use a spoon that is made especially for measuring medication."}