{"other_information": "Before having any laboratory test, tell your doctor and the laboratory personnel that you are taking edoxaban.Do not let anyone else take your medication. Ask your pharmacist any questions you have about refilling your prescription.It is important for you to keep a written list of all of the prescription and nonprescription (over-the-counter) medicines you are taking, as well as any products such as vitamins, minerals, or other dietary supplements. You should bring this list with you each time you visit a doctor or if you are admitted to a hospital. It is also important information to carry with you in case of emergencies.", "other_uses": "This medication may be prescribed for other uses; ask your doctor or pharmacist for more information.", "if_i_forget": "Take the missed dose as soon as you remember it on the same day. However, if it is the next day, skip the missed dose and continue your regular dosing schedule. Do not take a double dose to make up for a missed one.", "special_dietary": "Unless your doctor tells you otherwise, continue your normal diet.", "overdose": "In case of overdose, call your local poison control center at 1-800-222-1222. If the victim has collapsed or is not breathing, call local emergency services at 911.Symptoms of overdose may include the following:\r \r unusual bleeding or bruisingbloody, black, or tarry stoolsblood in urinecoughing up or vomiting blood or material that looks like coffee grounds", "precautions": "Before taking edoxaban,tell your doctor and pharmacist if you are allergic to edoxaban, any other medications, or any of the ingredients in edoxaban tablets. Ask your pharmacist or check the Medication Guide for a list of the ingredients.tell your doctor and pharmacist what other prescription and nonprescription medications, vitamins, nutritional supplements, and herbal products you are taking or plan to take. Be sure to mention the medications listed in the IMPORTANT WARNING section and any of the following: amiodarone (Cordarone, Pacerone), atorvastatin (Lipitor, in Caduet, in Liptruzet), cyclosporine (Gengraf, Neoral), digoxin (Lanoxin), dronedarone (Multaq), erythromycin (E.E.S., E-Mycin, Erythrocin), esomeprazole (Nexium, in Vimovo), ketoconazole (Nizoral), quinidine, rifampin (Rifadin, in Rifamate, in Rifater, Rimactane), and verapamil (Calan, Covera, Isoptin, Verelan, in Tarka). Your doctor may need to change the doses of your medications or monitor you carefully for side effects. Many other medications may also interact with edoxaban, so be sure to tell your doctor about all the medications you are taking, even those that do not appear on this list.tell your doctor if you have heavy bleeding anywhere in your body that cannot be stopped. Your doctor will probably tell you not to take edoxaban.tell your doctor if you weigh 132 pounds (60 kilograms) or less and if you have or have ever had any type of bleeding problem, or kidney or liver disease.tell your doctor if you are pregnant, plan to become pregnant, or are breastfeeding. If you become pregnant while taking edoxaban, call your doctor.if you are having surgery, including dental surgery, tell the doctor or dentist that you are taking edoxaban.", "why": "Edoxaban is used help prevent strokes or blood clots in people who have atrial fibrillation (a condition in which the heart beats irregularly, increasing the chance of clots forming in the body and possibly causing strokes) that is not caused by heart valve disease. Edoxaban is also used to prevent deep vein thrombosis (DVT; a blood clot, usually in the leg) and pulmonary embolism (PE; a blood clot in the lung) in people who have been treated with an injectable blood thinner medicine for 5 to 10 days. Edoxaban is in a class of medications called factor Xa inhibitors. It works by blocking the action of a certain natural substance that helps blood clots to form.", "storage_conditions": "Keep this medication in the container it came in, tightly closed, and out of reach of children. Store it at room temperature and away from excess heat and moisture (not in the bathroom). Unneeded medications should be disposed of in special ways to ensure that pets, children, and other people cannot consume them.  However, you should not flush this medication down the toilet. Instead, the best way to dispose of your medication is through a medicine take-back program. Talk to your pharmacist or contact your local garbage/recycling department to learn about take-back programs in your community.  See the FDA's Safe Disposal of Medicines website (http://goo.gl/c4Rm4p) for more information if you do not have access to a take-back program.", "title": "Edoxaban", "side_effects": "Edoxaban may cause side effects. Tell your doctor if any of these symptoms are severe or do not go away:\r \r rashunusual tiredness or weaknessdizzinesspale skinSome side effects can be serious. If you experience any of these symptoms or those listed in the IMPORTANT WARNING section, stop taking edoxaban and call your doctor immediately:\r \r bleeding gumsnosebleedsheavy vaginal bleedingred, pink, or brown urinered or black, tarry stoolscoughing up or vomiting blood or material that looks like coffee groundsEdoxaban may cause other side effects. Call your doctor if you have any unusual problems while taking this medication.If you experience a serious side effect, you or your doctor may send a report to the Food and Drug Administration's (FDA) MedWatch Adverse Event Reporting program online (http://www.fda.gov/Safety/MedWatch) or by phone (1-800-332-1088).", "how": "Edoxaban comes as a tablet to take by mouth. It is usually taken with or without food once a day. Take edoxaban at around the same times every day. Follow the directions on your prescription label carefully, and ask your doctor or pharmacist to explain any part you do not understand. Take edoxaban exactly as directed. Do not take more or less of it or take it more often than prescribed by your doctor."}