{"other_information": "Do not let anyone else take your medication. Ask your pharmacist any questions you have about refilling your prescription.It is important for you to keep a written list of all of the prescription and nonprescription (over-the-counter) medicines you are taking, as well as any products such as vitamins, minerals, or other dietary supplements. You should bring this list with you each time you visit a doctor or if you are admitted to a hospital. It is also important information to carry with you in case of emergencies.", "other_uses": "This medication may be prescribed for other uses; ask your doctor or pharmacist for more information.", "if_i_forget": "Take the missed dose as soon as you remember it. However, if it is almost time for the next dose, skip the missed dose and continue your regular dosing schedule. Do not take more than one dose of emtricitabine in one day and do not take a double dose to make up for a missed one.", "special_dietary": "Unless your doctor tells you otherwise, continue your normal diet.", "overdose": "In case of overdose, call your local poison control center at 1-800-222-1222. If the victim has collapsed or is not breathing, call local emergency services at 911.", "precautions": "Before taking emtricitabine,tell your doctor and pharmacist if you are allergic to emtricitabine or any other medications.tell your doctor and pharmacist what other prescription and nonprescription medications, vitamins, nutritional supplements, and herbal products you are taking or plan to take. Your doctor may need to change the doses of your medications or monitor you more carefully for side effects.tell your doctor if you have or have ever had the conditions mentioned in the IMPORTANT WARNING section, any type of infection that does not go away or that comes and goes such as tuberculosis (TB; a type of lung infection) or cytomegalovirus (CMV; a viral infection that may cause symptoms in patients with weak immune systems) or kidney disease.tell your doctor if you are pregnant or plan to become pregnant. If you become pregnant while taking emtricitabine, call your doctor. Tell your doctor if you are breast-feeding. You should not breast-feed if you are infected with HIV or if you are taking emtricitabine.you should know that your body fat may increase or move to different areas of your body such as your breasts and upper back.", "why": "Emtricitabine is used along with other medications to treat human immunodeficiency virus (HIV) infection. Emtricitabine is in a class of medications called nucleoside reverse transcriptase inhibitors (NRTIs). It works by decreasing the amount of HIV in the blood. Although emtricitabine does not cure HIV, it may decrease your chance of developing acquired immunodeficiency syndrome (AIDS) and HIV-related illnesses such as serious infections or cancer. Taking these medications along with practicing safer sex and making other life-style changes may decrease the risk of transmitting (spreading) the HIV virus to other people.", "storage_conditions": "Keep this medication in the container it came in, tightly closed, and out of reach of children. Store the capsules at room temperature and away from excess heat and moisture (not in the bathroom). Store the solution in the refrigerator, but do not freeze it. If you prefer not to refrigerate the solution, you may store it at room temperature for up to 3 months. Discard any unused solution that has not been refrigerated after 3 months.Unneeded medications should be disposed of in special ways to ensure that pets, children, and other people cannot consume them.  However, you should not flush this medication down the toilet. Instead, the best way to dispose of your medication is through a medicine take-back program. Talk to your pharmacist or contact your local garbage/recycling department to learn about take-back programs in your community.  See the FDA's Safe Disposal of Medicines website (http://goo.gl/c4Rm4p) for more information if you do not have access to a take-back program.", "title": "Emtricitabine", "side_effects": "Emtricitabine may cause side effects. Tell your doctor if any of these symptoms are severe or do not go away:\r \r headachediarrheachange in skin color, especially on the palms of the hands or the soles of the feetindigestionjoint painunusual dreamsdepressiontrouble falling asleep or staying asleepnumbness, burning, or tingling in the hands, arms, feet, or legsrunny noseSome side effects can be serious. If you experience any of the following symptoms, or those mentioned in the IMPORTANT WARNING section, call your doctor immediately:\r \r fever, chills, sore throat, cough, or other signs of infectionrashEmtricitabine may cause other side effects. Call your doctor if you have any unusual problems while taking this medication.If you experience a serious side effect, you or your doctor may send a report to the Food and Drug Administration's (FDA) MedWatch Adverse Event Reporting program online (http://www.fda.gov/Safety/MedWatch) or by phone (1-800-332-1088).", "how": "Emtricitabine comes as a capsule, a tablet, and a solution (liquid) to take by mouth. It is usually taken once a day with or without food. Take emtricitabine at around the same time every day. Follow the directions on your prescription label carefully, and ask your doctor or pharmacist to explain any part you do not understand. Take emtricitabine exactly as directed. Do not take more or less of it or take it more often than prescribed by your doctor.Emtricitabine controls HIV infection but does not cure it. Continue to take emtricitabine even if you feel well. Do not stop taking emtricitabine without talking to your doctor. When your supply of emtricitabine starts to run low, get more from your doctor or pharmacist. If you miss doses or stop taking emtricitabine, your condition may become more difficult to treat.Ask your doctor or pharmacist for a copy of the manufacturer's information for the patient."}