{"other_information": "Keep all appointments with your doctor and the laboratory. Your doctor will order certain lab tests to monitor your enoxaparin therapy.Enoxaparin prevents blood from clotting so it may take longer than usual for you to stop bleeding if you are cut or injured. Avoid activities that have a high risk of causing injury. Call your doctor if bleeding is unusual.Do not let anyone else use your medication. Your prescription is probably not refillable.It is important for you to keep a written list of all of the prescription and nonprescription (over-the-counter) medicines you are taking, as well as any products such as vitamins, minerals, or other dietary supplements. You should bring this list with you each time you visit a doctor or if you are admitted to a hospital. It is also important information to carry with you in case of emergencies.", "other_uses": "This medication may be prescribed for other uses; ask your doctor or pharmacist for more information.", "if_i_forget": "Inject the missed dose as soon as you remember it. However, if it is almost time for the next dose, skip the missed dose and continue your regular dosing schedule. Do not inject a double dose to make up for a missed one.", "special_dietary": [], "overdose": "In case of overdose, call your local poison control center at 1-800-222-1222. If the victim has collapsed or is not breathing, call local emergency services at 911.", "precautions": "Before taking enoxaparin,tell your doctor and pharmacist if you are allergic to enoxaparin, heparin, any other drugs, or pork products.tell your doctor and pharmacist what prescription and nonprescription medications you are taking, especially those listed in the IMPORTANT WARNING section and vitamins.tell your doctor if you have an artificial heart valve and if you have or have ever had kidney disease, an infection in your heart, a stroke, a bleeding disorder, ulcers, or a low platelet count.tell your doctor if you are pregnant, plan to become pregnant, or are breast-feeding. If you become pregnant while taking enoxaparin, call your doctor.if you are having surgery, including dental surgery, tell the doctor or dentist that you are taking enoxaparin.", "why": "Enoxaparin is used to prevent blood clots in the leg in patients who are on bedrest or who are having hip replacement, knee replacement, or stomach surgery. It is used in combination with aspirin to prevent complications from angina (chest pain) and heart attacks. It is also used in combination with warfarin to treat blood clots in the leg. Enoxaparin is in a class of medications called low molecular weight heparins. It works by stopping the formation of substances that cause clots.", "storage_conditions": "Keep this medication out of reach of children. Store the syringes at room temperature and away from excess heat and moisture (not in the bathroom). Do not use the syringe if it leaks or if the fluid is dark or contains particles.Unneeded medications should be disposed of in special ways to ensure that pets, children, and other people cannot consume them.  However, you should not flush this medication down the toilet. Instead, the best way to dispose of your medication is through a medicine take-back program. Talk to your pharmacist or contact your local garbage/recycling department to learn about take-back programs in your community.  See the FDA's Safe Disposal of Medicines website (http://goo.gl/c4Rm4p) for more information if you do not have access to a take-back program.", "title": "Enoxaparin Injection", "side_effects": "Enoxaparin may cause side effects. Tell your doctor if any of these symptoms are severe or do not go away:\r \r upset stomachfeverirritation or burning at site of injectionIf you experience any of the following symptoms or those listed in the IMPORTANT WARNING section, call your doctor immediately:\r \r unusual bleeding or bruisingblack or bloody stoolsblood in urineswollen ankles and/or feetIf you experience a serious side effect, you or your doctor may send a report to the Food and Drug Administration's (FDA) MedWatch Adverse Event Reporting program online (http://www.fda.gov/Safety/MedWatch) or by phone (1-800-332-1088).", "how": "Enoxaparin comes as an injection in a syringe to be injected just under the skin (subcutaneously) but not into your muscle. It is usually given twice a day. You will probably begin using the drug while you are in the hospital and then use it for a total of 10 to 14 days. Follow the directions on your prescription label carefully, and ask your doctor or pharmacist to explain any part you do not understand. Use enoxaparin exactly as directed. Do not inject more or less of it or inject it more often than prescribed by your doctor.Continue to use enoxaparin even if you feel well. Do not stop taking enoxaparin without talking to your doctor.Your healthcare provider will teach you how to give yourself the shot or arrangements will be made for someone else to give you the shot. Enoxaparin is usually injected in the stomach area. You must use a different area of the stomach each time you give the shot. If you have questions about where to give the shot, ask your healthcare provider. Each syringe has enough drug in it for one shot. Do not use the syringe and needle more than one time. Your doctor, pharmacist, or health care provider will tell you how to dispose of used needles and syringes to avoid accidental injury. Keep syringes and needles out of reach of children.To inject enoxaparin, follow these instructions:\r \r <ol>Wash your hands and the area of skin where you will give the shot.Look at the syringe to be sure the drug is clear and colorless or pale yellow.Take the cap off the needle. Do not push any air or drug out of the syringe before giving the shot unless your healthcare provider tells you to.Lie down and pinch a fold of skin between your finger and thumb. Push the entire needle into the skin and then press down on the syringe plunger to inject the drug. Hold onto the skin the entire time you give the shot. Do not rub the site after you give the shot.</ol>"}