{"other_information": "Keep all appointments with your doctor and the laboratory. Your doctor may order certain lab tests to check your body's response to erlotinib.Do not let anyone else take your medication. Ask your pharmacist any questions you have about refilling your prescription.It is important for you to keep a written list of all of the prescription and nonprescription (over-the-counter) medicines you are taking, as well as any products such as vitamins, minerals, or other dietary supplements. You should bring this list with you each time you visit a doctor or if you are admitted to a hospital. It is also important information to carry with you in case of emergencies.", "other_uses": "This medication may be prescribed for other uses; ask your doctor or pharmacist for more information.", "if_i_forget": "Take the next dose at your regular time the next day. Do not take a double dose to make up for a missed one.", "special_dietary": "Avoid eating grapefruit and drinking grapefruit juice while taking this medicine.To prevent diarrhea that may be caused by erlotinib, drink small sips of a liquid such as a sugar-free sports drink often throughout the day, eat mild foods such as crackers and toast, and avoid spicy foods.", "overdose": "In case of overdose, call your local poison control center at 1-800-222-1222. If the victim has collapsed or is not breathing, call local emergency services at 911.Symptoms of overdose may include:\r \r diarrhearash", "precautions": "Before taking erlotinib,tell your doctor and pharmacist if you are allergic to erlotinib, any other medications, or any of the ingredients in erlotinib tablets. Ask your pharmacist for a list of the ingredients.tell your doctor and pharmacist what prescription and nonprescription medications, vitamins, and nutritional supplements you are taking or plan to take. Be sure to mention any of the following: angiogenesis inhibitors such as bevacizumab (Avastin); anticoagulants ('blood thinners') such as warfarin (Coumadin); certain antifungals such as itraconazole (Sporanox), ketoconazole (Nizoral), posaconazole (Noxafil), and voriconazole (Vfend); boceprevir (Victrelis); carbamazepine (Tegretol); ciprofloxacin (Cipro, Proquin XR); clarithromycin (Biaxin); conivaptan (Vaprisol); HIV protease inhibitors such as atazanavir (Reyataz), indinavir (Crixivan), lopinavir/ritonavir (Kaletra), nelfinavir (Viracept), ritonavir (Norvir), and saquinavir (Fortovase, Invirase); H<sub>2</sub> blockers such as cimetidine (Tagamet), famotidine (Pepcid), nizatidine (Axid), and ranitidine (Zantac); medications for acne such as benzoyl peroxide (in Epiduo, in BenzaClin, in Benzamycin, others); midazolam (Versed):  nefazodone; nonsteroidal anti-inflammatory drugs (NSAIDs) such as ibuprofen (Advil, Motrin) and naproxen (Aleve, Naprosyn); oral steroids such as dexamethasone (Decadron, Dexone), methylprednisolone (Medrol), and prednisone (Deltasone); phenobarbital (Luminal, Solfoton); phenytoin (Dilantin); proton pump inhibitors such as esomeprazole (Nexium), lansoprazole (Prevacid), omeprazole (Prilosec), pantoprazole (Protonix), and rabeprazole (AcipHex);  rifabutin (Mycobutin); rifampin (Rifadin, Rimactane); rifapentine; taxane medications for cancer such as docetaxel (Taxotere) and paclitaxel (Abraxane, Taxol); telithromycin (Ketek); teriflunomide (Aubagio); and troleandomycin (TAO) (not available in the U.S.). Your doctor may need to change the doses of your medications or monitor you carefully for side effects. Many other medications may also interact with erlotinib, so be sure to tell your doctor about all the medications you are taking, even those that do not appear on this list.if you are taking antacids, take them several hours before or several hours after you take erlotinib.tell your doctor what herbal products you are taking, especially St. John's wort.tell your doctor if you are being treated or have recently been treated with chemotherapy or radiation therapy (treatment for cancer that uses waves of high energy particles to kill cancer cells). Also tell your doctor if you have or have ever had lung disease or infection, stomach ulcers, diverticular disease (condition in which abnormal pouches form in the large intestine and may become inflamed), or liver or kidney disease.tell your doctor if you are pregnant or plan to become pregnant. You should not become pregnant while you are taking erlotinib and for at least 1 month after your final dose. Talk to your doctor about birth control methods that you can use. If you become pregnant, call your doctor immediately. Erlotinib may harm the fetus.tell your doctor if you are breastfeeding. You should not breastfeed during your treatment with erlotinib and for up to 2 weeks after your final dose.if you are having surgery, including dental surgery, tell the doctor or dentist that you are taking erlotinib.tell your doctor if you use tobacco products. Cigarette smoking may decrease the effectiveness of this medication.plan to avoid unnecessary or prolonged exposure to sunlight and to wear a hat, other protective clothing, sunglasses, and sunscreen. Choose a sunscreen that has a sun protection factor (SPF) of at least 15 and contains zinc oxide or titanium dioxide. Exposure to sunlight increases the risk that you will develop a rash during your treatment with erlotinib.you should know that erlotinib may cause rashes and other skin problems. To protect your skin, use a mild alcohol-free moisturizer, wash your skin with mild soap, and remove cosmetics with a mild cleanser.", "why": "Erlotinib is used to treat certain types of non-small cell lung cancer that has spread to nearby tissues or to other parts of the body in patients who have already been treated with at least one other chemotherapy medication and have not gotten better. Erlotinib is also used in combination with another medication (gemcitabine [Gemzar]) to treat pancreatic cancer that has spread to nearby tissues or to other parts of the body and cannot be treated with surgery. Erlotinib is in a class of medications called kinase inhibitors. It works by blocking the action of an abnormal protein that signals cancer cells to multiply. This helps slow or stop the spread of cancer cells.", "storage_conditions": "Keep this medication in the container it came in, tightly closed, and out of reach of children. Store it at room temperature and away from excess heat and moisture (not in the bathroom).Unneeded medications should be disposed of in special ways to ensure that pets, children, and other people cannot consume them.  However, you should not flush this medication down the toilet. Instead, the best way to dispose of your medication is through a medicine take-back program. Talk to your pharmacist or contact your local garbage/recycling department to learn about take-back programs in your community.  See the FDA's Safe Disposal of Medicines website (http://goo.gl/c4Rm4p) for more information if you do not have access to a take-back program.", "title": "Erlotinib", "side_effects": "Erlotinib may cause side effects. Tell your doctor if any of these symptoms are severe or do not go away:\r \r diarrhealoss of appetitenauseavomitingheartburngasconstipationmouth soresweight lossextreme tirednessheadachebone or muscle paindepressionanxietynumbness, burning, or tingling of the hands or feetswelling of the arms, hands, feet, ankles, or lower legsdarkening of skinhair losschanges in the appearance of the hair and nailsSome side effects can be serious. If you experience any of these symptoms, call your doctor immediately or get emergency medical treatment:\r \r rash (may look like acne and may affect the skin on the face, upper chest, or back)blistering, peeling, dry, or cracked skinitching, tenderness, or burning of the skinshortness of breathcoughfever or chillsgrowth of eyelashes on the inside of the eyelidsevere stomach paindry, red, painful, teary, or irritated eyesblurred visioneye sensitivity to lightchest pain or pressurepain in the arms, neck, or upper back rapid, irregular, or pounding heartbeatslow or difficult speech dizziness or faintnessweakness or numbness of an arm or leg unusual bruising or bleedingblack and tarry or bloody stoolsvomit that is bloody or looks like coffee groundssunken eyesdry mouthdecreased urinationdark urinepale or yellow skinredness, warmth, pain, tenderness, or swelling in one legErlotinib may cause other side effects. Call your doctor if you have any unusual problems while taking this medication.If you experience a serious side effect, you or your doctor may send a report to the Food and Drug Administration's (FDA) MedWatch Adverse Event Reporting program online (http://www.fda.gov/Safety/MedWatch) or by phone (1-800-332-1088).", "how": "Erlotinib comes as a tablet to take by mouth. It is usually taken on an empty stomach once a day, at least 1 hour before or 2 hours after eating a meal or snack. Take erlotinib at around the same time every day. Follow the directions on your prescription label carefully, and ask your doctor or pharmacist to explain any part you do not understand. Take erlotinib exactly as directed. Do not take more or less of it or take it more often than prescribed by your doctor.Your doctor may decrease your dose of erlotinib during your treatment. This depends on how well the medication works for you and the side effects you experience. Talk to your doctor about how you are feeling during your treatment. Continue to take erlotinib even if you feel well. Do not stop taking erlotinib without talking to your doctor."}