{"other_information": "Keep all appointments with your doctor.Before having any laboratory test, tell your doctor and the laboratory personnel that you are using estrogen injection.It is important for you to keep a written list of all of the prescription and nonprescription (over-the-counter) medicines you are taking, as well as any products such as vitamins, minerals, or other dietary supplements. You should bring this list with you each time you visit a doctor or if you are admitted to a hospital. It is also important information to carry with you in case of emergencies.", "other_uses": "This medication may be prescribed for other uses; ask your doctor or pharmacist for more information.", "if_i_forget": "If you miss an appointment to receive a dose of estrogen injection, call your doctor as soon as possible.", "special_dietary": "Talk to your doctor about eating grapefruit and drinking grapefruit juice while using this medicine.", "overdose": "In case of overdose, call your local poison control center at 1-800-222-1222. If the victim has collapsed or is not breathing, call local emergency services at 911.Symptoms of overdose may include:\r \r upset stomachvomitingvaginal bleeding", "precautions": "Before using estrogen injection,tell your doctor and pharmacist if you are allergic to estrogen injection, any other estrogen products, any other medications, or any of the ingredients in estrogen injection. Ask your pharmacist or check the manufacturer's patient information for a list of the ingredients in the brand of estrogen injection you plan to use.tell your doctor and pharmacist what prescription and nonprescription medications, vitamins, and nutritional supplements you are taking or plan to take. Be sure to mention any of the following: amiodarone (Cordarone, Pacerone); certain antifungals such as itraconazole (Sporanox) and ketoconazole (Nizoral);aprepitant (Emend); carbamazepine (Carbatrol, Epitol, Tegretol);cimetidine (Tagamet); clarithromycin (Biaxin); cyclosporine (Neoral, Sandimmune); dexamethasone (Decadron, Dexpak); diltiazem (Cardizem, Dilacor, Tiazac, others); erythromycin (E.E.S, Erythrocin);fluoxetine (Prozac, Sarafem); fluvoxamine (Luvox); griseofulvin (Fulvicin, Grifulvin, Gris-PEG); lovastatin (Altocor, Mevacor); medications for human immunodeficiency virus (HIV) or acquired immunodeficiency syndrome (AIDS) such as atazanavir (Reyataz), delavirdine (Rescriptor), efavirenz (Sustiva), indinavir (Crixivan), lopinavir (in Kaletra), nelfinavir (Viracept), nevirapine (Viramune), ritonavir (Norvir, in Kaletra), and saquinavir (Fortovase, Invirase); medications for thyroid disease; nefazodone; phenobarbital; phenytoin (Dilantin, Phenytek); rifabutin (Mycobutin); rifampin (Rifadin, Rimactane, in Rifamate);sertraline (Zoloft); troleandomycin (TAO); verapamil (Calan, Covera, Isoptin, Verelan); and zafirlukast (Accolate). Your doctor may need to change the doses of your medications or monitor you carefully for side effects.tell your doctor what herbal products you are taking, especially St. John's wort.tell your doctor if you have or have ever had yellowing of the skin or eyes during pregnancy or during your treatment with an estrogen product, endometriosis (a condition in which the type of tissue that lines the uterus [womb] grows in other areas of the body), uterine fibroids (growths in the uterus that are not cancer), asthma, migraine headaches, seizures, porphyria (condition in which abnormal substances build up in the blood and cause problems with the skin or nervous system), very high or very low levels of calcium in your blood, or thyroid, liver, kidney, gallbladder, or pancreatic disease.tell your doctor if you are pregnant, plan to become pregnant, or are breast-feeding. If you become pregnant while using estrogen injection, call your doctor.", "why": "The estradiol cypionate and estradiol valerate forms of estrogen injection are used to treat hot flushes (hot flashes; sudden strong feelings of heat and sweating) and/or vaginal dryness, itching, and burning in women who are experiencing menopause (change of life; the end of monthly menstrual periods). However, women who need a medication only to treat vaginal dryness, itching, or burning should consider a different treatment. These forms of estrogen injection are also sometimes used to treat the symptoms of low estrogen in young women who do not produce enough estrogen naturally. The estradiol valerate form of estrogen injection is also sometimes used to relieve the symptoms of certain types of prostate (a male reproductive organ) cancer. The conjugated estrogens form of estrogen injection is used to treat abnormal vaginal bleeding that a doctor has decided is caused only by a problem with the amounts of certain hormones in the body. Estrogen injection is in a class of medications called hormones. It works by replacing estrogen that is normally produced by the body.", "storage_conditions": "Your doctor will store the medication in his or her office.", "title": "Estrogen Injection", "side_effects": "Estrogen injection may cause side effects. Tell your doctor if any of these symptoms are severe or do not go away:\r \r breast pain or tendernessupset stomachvomitingweight gain or lossdizzinessnervousnessdepressionirritabilitychanges in sexual desirehair lossunwanted hair growthspotty darkening of the skin on the facedifficulty wearing contact lensesleg crampsswelling, redness, burning, itching, or irritation of the vaginavaginal dischargeSome side effects can be serious. If you experience any of these symptoms or those listed in the IMPORTANT WARNING section, call your doctor immediately:\r \r bulging eyespain, swelling, or tenderness in the stomachloss of appetiteweaknessyellowing of the skin or eyesjoint painmovements that are difficult to controlrash or blistershivesitchingswelling of the eyes, face, tongue, throat, hands, arms, feet, ankles, or lower legshoarsenessdifficulty breathing or swallowingEstrogen may increase your risk of developing cancer of the ovaries or gallbladder disease that may need to be treated with surgery. Talk to your doctor about the risks of using estrogen injection.Estrogen may cause growth to slow or stop early in children who receive large doses for a long time. Estrogen injection may also affect the timing and speed of sexual development in children.Your child's doctor will monitor him or her carefully during his or her treatment with estrogen. Talk to your child's doctor about the risks of giving this medication to your child.Estrogen injection may cause other side effects. Call your doctor if you have any unusual problems while taking this medication.If you experience a serious side effect, you or your doctor may send a report to the Food and Drug Administration's (FDA) MedWatch Adverse Event Reporting program online (http://www.fda.gov/Safety/MedWatch) or by phone (1-800-332-1088).", "how": "The estradiol cypionate and estradiol valerate forms of long acting estrogen injection come as a liquid to inject into a muscle. These medications are usually injected by a health care professional once every 3 to 4 weeks. When the estradiol valerate form of estrogen injection is used to treat the symptoms of prostate cancer, it is usually injected by a health care professional once every 1 to 2 weeks.The conjugated estrogens form of estrogen injection comes as a powder to mix with sterile water and inject into a muscle or vein. It is usually injected by a health care professional as a single dose. A second dose may be injected 6 to 12 hours after the first dose if it is needed to control vaginal bleeding.If you are using estrogen injection to treat hot flushes, your symptoms should improve within 1 to 5 days after you receive the injection. Tell your doctor if your symptoms do not improve during this time.Ask your pharmacist or doctor for a copy of the manufacturer's information for the patient."}