{"other_information": "Keep all appointments with your doctor.Before having any laboratory test, tell your doctor and the laboratory personnel that you are taking estrogen and bazedoxifene.Do not let anyone else take your medication. Ask your pharmacist any questions you have about refilling your prescription.It is important for you to keep a written list of all of the prescription and nonprescription (over-the-counter) medicines you are taking, as well as any products such as vitamins, minerals, or other dietary supplements. You should bring this list with you each time you visit a doctor or if you are admitted to a hospital. It is also important information to carry with you in case of emergencies.", "other_uses": "This medication may be prescribed for other uses; ask your doctor or pharmacist for more information.", "if_i_forget": "Take the missed dose as soon as you remember it. However, if it is almost time for the next dose, skip the missed dose and continue your regular dosing schedule. Do not take a double dose to make up for a missed one.", "special_dietary": "Do not eat large amounts of grapefruit or drink grapefruit juice while taking this medication.", "overdose": "In case of overdose, call your local poison control center at 1-800-222-1222. If the victim has collapsed or is not breathing, call local emergency services at 911.Symptoms of overdose may include the following:\r \r nauseavomitingbreast tendernessdizzinessstomach paintirednessvaginal bleeding", "precautions": "Before taking estrogen and bazedoxifene,tell your doctor and pharmacist if you are allergic to estrogen (in many hormone replacement and birth control medications), bazedoxifene, any other medications, or any of the ingredients in estrogen and bazedoxifene tablets. Ask your pharmacist or check the manufacturer's information for the patient for a list of the ingredients.tell your doctor and pharmacist what prescription and nonprescription medications, vitamins, and nutritional supplements, you are taking or plan to take. Be sure to mention the medications listed in the IMPORTANT WARNING section and any of the following: certain antibiotics including clarithromycin (Biaxin) and erythromycin (E.E.S, E-Mycin); certain antifungal medications including itraconazole (Sporanox) and ketoconazole (Nizoral); and certain medications for seizures including carbamazepine (Carbatrol, Equetro, Tegretol), phenobarbital, and phenytoin (Dilantin); thyroid hormone replacement medications; rifampin (Rifadin, Rimactane, in Rifamate), and ritonavir (Norvir, in Kaletra). Your doctor may need to change the doses of your medications or monitor you carefully for side effects.tell your doctor what herbal products you are taking, especially St John's wort.tell your doctor if you have or have ever had liver disease. Your doctor may tell you not to take estrogen and bazedoxifene.tell your doctor if you are older than 75 years of age and if you have ever had jaundice (a condition that causes yellowing of the skin or eyes) during pregnancy or during your treatment with an estrogen product. Also tell your doctor if you have or have ever had asthma, diabetes, epilepsy, migraine headaches porphyria (condition in which abnormal substances build up in the blood and cause problems with the skin or nervous system), hereditary angioedema (inherited condition that causes episodes of swelling in the hands, feet, face, airway, or intestines), hypoparathyroidism (condition in which the body does not produce enough parathyroid hormone), or kidney disease.tell your doctor if you are pregnant, plan to become pregnant, or are breast-feeding. If you become pregnant while taking estrogen and bazedoxifene, call your doctor immediately. Estrogen and bazedoxifene may harm the fetus.if you are taking estrogen to prevent osteoporosis, talk to your doctor about other ways to prevent the disease such as exercising and taking vitamin D and/or calcium supplements.", "why": "Estrogen and bazedoxifene tablets are used to treat hot flashes (sudden feelings of warmth, especially in the face, neck, and chest) in women who are experiencing menopause (stage of life when menstrual periods become less frequent and stop and women may experience other symptoms and body changes). Estrogen and bazedoxifene tablets are also used to prevent osteoporosis (condition in which the bones become thin and weak and break easily) in women who have undergone menopause. Estrogen is in a class of medications called hormones and bazedoxifene is in a class of medications called estrogen agonist\u2013antagonists. Estrogen works by replacing estrogen that is normally produced by the body. Bazedoxifene is used to block the action of estrogen on the lining of the uterus, decreasing the risk of overgrowth that may lead to cancer.", "storage_conditions": "Keep this medication in the foil pouch and blister pack it came in, tightly closed, and out of reach of children. Store it at room temperature and away from excess heat and moisture (not in the bathroom). If you receive more than one foil pouch of medication, do not open the second pouch until you use all of the medication in the first pouch. Mark down the date that you open a foil pouch and dispose of any unused medication in the pouch 60 days after you open it. Do not remove tablets from the blister pack until you are ready to take them. Do not store tablets in a pillbox or pill-organizer. Unneeded medications should be disposed of in special ways to ensure that pets, children, and other people cannot consume them.  However, you should not flush this medication down the toilet. Instead, the best way to dispose of your medication is through a medicine take-back program. Talk to your pharmacist or contact your local garbage/recycling department to learn about take-back programs in your community.  See the FDA's Safe Disposal of Medicines website (http://goo.gl/c4Rm4p) for more information if you do not have access to a take-back program.", "title": "Estrogen and Bazedoxifene", "side_effects": "Estrogen and bazedoxifene may cause side effects. Tell your doctor if any of these symptoms are severe or do not go away:\r \r nauseaheartburnstomach paindiarrheamuscle tightnessneck painsore throatdizzinessSome side effects can be serious. If you experience any of these symptoms or those listed in the IMPORTANT WARNING section, call your doctor immediately or get emergency medical treatment:\r \r bulging eyesswelling of the eyes, face, mouth, tongue, or throathoarsenessdifficulty breathing or swallowingTaking estrogen and bazedoxifene may increase the risk that you will develop cancer of the ovaries or gallbladder disease the must be treated with surgery. Talk to your doctor about the risks of taking this medication.Estrogen and bazedoxifene may cause other side effects. Call your doctor if you have any unusual problems while taking this medication.If you experience a serious side effect, you or your doctor may send a report to the Food and Drug Administration's (FDA) MedWatch Adverse Event Reporting program online (http://www.fda.gov/Safety/MedWatch) or by phone (1-800-332-1088).", "how": "Estrogen and bazedoxifene combination comes as a tablet to take by mouth. It is usually taken with or without food once a day. Take estrogen and bazedoxifene at around the same time every day. Follow the directions on your prescription label carefully, and ask your doctor or pharmacist to explain any part you do not understand. Take estrogen and bazedoxifene exactly as directed. Do not take more or less of it or take it more often than prescribed by your doctor.Swallow the tablet whole; do not split, chew, or crush them.Estrogen and bazedoxifene may help to control your symptoms only as long as you continue to take the medication. Do not stop taking estrogen and bazedoxifene without talking to your doctor.Ask your pharmacist or doctor for a copy of the manufacturer's information for the patient."}