{"other_information": "Keep all appointments with your doctor and the laboratory. Your doctor will order certain tests to check your body's response to etoposide.Do not let anyone else take your medication. Ask your pharmacist any questions you have about refilling your prescription.It is important for you to keep a written list of all of the prescription and nonprescription (over-the-counter) medicines you are taking, as well as any products such as vitamins, minerals, or other dietary supplements. You should bring this list with you each time you visit a doctor or if you are admitted to a hospital. It is also important information to carry with you in case of emergencies.", "other_uses": "Etoposide is also sometimes used to treat certain types of ovarian cancer (cancer that begins in the female reproductive organs where eggs are formed). Talk to your doctor about the risks of using this medication for your condition.", "if_i_forget": "Take the missed dose as soon as you remember it. However, if it is almost time for the next dose, skip the missed dose and continue your regular dosing schedule. Do not take a double dose to make up for a missed one.", "special_dietary": "Unless your doctor tells you otherwise, continue your normal diet.", "overdose": "In case of overdose, call your local poison control center at 1-800-222-1222. If the victim has collapsed or is not breathing, call local emergency services at 911.", "precautions": "Before taking etoposide,tell your doctor and pharmacist if you are allergic to etoposide, any other medications, or any of the ingredients in etoposide capsules. Ask your pharmacist for a list of the ingredients.tell your doctor and pharmacist what other prescription and nonprescription medications, vitamins, nutritional supplements, and herbal products you are taking or plan to take. Be sure to mention any of the following: cisplatin (Platinol), cyclosporine (Gengraf, Neoral, Sandimmune). Your doctor may need to change the doses of your medications or monitor you carefully for side effects. Many other medications may also interact with etoposide, so be sure to tell your doctor about all the medications you are taking, even those that do not appear on this list.tell your doctor if you have or have ever had kidney disease.tell your doctor if you are pregnant, plan to become pregnant, or are breast-feeding. You should not become pregnant or breast-feed while you are taking etoposide. If you become pregnant while taking etoposide, call your doctor. Etoposide may harm the fetus.", "why": "Etoposide is used in combination with other medications to treat a certain type of lung cancer (small cell lung cancer; SCLC). Etoposide is in a class of medications known as podophyllotoxin derivatives. It works by slowing or stopping the growth of cancer cells in your body.", "storage_conditions": "Keep this medication in the container it came in, in the refrigerator, tightly closed, and out of reach of children. Do not freeze. Throw away any medication that is outdated or no longer needed. Talk to your pharmacist about the proper disposal of your medication.", "title": "Etoposide", "side_effects": "Etoposide may cause side effects. Tell your doctor if any of these symptoms are severe or do not go away:\r \r nauseavomitingsores in the mouth and throatstomach paindiarrheaconstipationloss of appetite or weightunusual tiredness or weaknesspale skinfaintingdizzinesshair losspain, burning, or tingling in the hands or feeteye painvision problemsSome side effects can be serious. If you experience any of these symptoms or those listed in the IMPORTANT WARNING section, stop taking etoposide and call your doctor immediately or get emergency medical treatment:\r \r rashhivesitchingdifficulty breathing or swallowingfast, irregular, or pounding heartbeatseizuresyellowing of the skin or eyesEtopside may increase the risk that you will develop other cancers. Talk to your doctor about the risks of taking this medication.Etoposide may cause other side effects. Call your doctor if you have any unusual problems while taking this medication.If you experience a serious side effect, you or your doctor may send a report to the Food and Drug Administration's (FDA) MedWatch Adverse Event Reporting program online (http://www.fda.gov/Safety/MedWatch) or by phone (1-800-332-1088).", "how": "Etoposide comes as a capsule to take by mouth. It is usually taken once a day for 4 or 5 days in a row. This cycle may be repeated once every 3 to 4 weeks, depending on your response to the medication. The length of treatment depends on the types of drugs you are taking, how well your body responds to them, and the type of cancer you have. Take etoposide at around the same time(s) every day. Follow the directions on your prescription label carefully, and ask your doctor or pharmacist to explain any part you do not understand. Take etoposide exactly as directed. Do not take more or less of it or take it more often than prescribed by your doctor."}