{"title": "Bacillus Of Calmette And Guerin Vaccine, Live (Intradermal Route)", "proper use": "   The dose of this medicine will be different for different patients. Follow your doctor's orders or the directions on the label. The following information includes only the average doses of this medicine. If your dose is different, do not change it unless your doctor tells you to do so. The amount of medicine that you take depends on the strength of the medicine. Also, the number of doses you take each day, the time allowed between doses, and the length of time you take the medicine depend on the medical problem for which you are using the medicine. ", "before using": " In deciding to use a medicine, the risks of taking the medicine must be weighed against the good it will do. This is a decision you and your doctor will make. For this medicine, the following should be considered:   Tell your doctor if you have ever had any unusual or allergic reaction to this medicine or any other medicines. Also tell your health care professional if you have any other types of allergies, such as to foods, dyes, preservatives, or animals. For non-prescription products, read the label or package ingredients carefully.   BCG vaccine has been used widely in children, and it has not been reported to cause different side effects or problems in children than it does in adults.   Many medicines have not been studied specifically in older people. Therefore, it may not be known whether they work exactly the same way they do in younger adults or if they cause different side effects or problems in older people. There is no specific information comparing use of BCG vaccine in the elderly with use in other age groups.     Studies in women suggest that this medication poses minimal risk to the infant when used during breastfeeding.   Although certain medicines should not be used together at all, in other cases two different medicines may be used together even if an interaction might occur. In these cases, your doctor may want to change the dose, or other precautions may be necessary. When you are receiving this medicine, it is especially important that your healthcare professional know if you are taking any of the medicines listed below. The following interactions have been selected on the basis of their potential significance and are not necessarily all-inclusive. Using this medicine with any of the following medicines is not recommended. Your doctor may decide not to treat you with this medication or change some of the other medicines you take. Deflazacort.Using this medicine with any of the following medicines is usually not recommended, but may be required in some cases. If both medicines are prescribed together, your doctor may change the dose or how often you use one or both of the medicines. Adalimumab.Alemtuzumab.Azathioprine.Bendamustine.Bortezomib.Bosutinib.Cabazitaxel.Capecitabine.Carboplatin.Carfilzomib.Carmustine.Certolizumab Pegol.Chlorambucil.Cisplatin.Cladribine.Clofarabine.Cyclophosphamide.Cytarabine.Cytarabine Liposome.Dacarbazine.Dasatinib.Daunorubicin.Daunorubicin Citrate Liposome.Docetaxel.Doxorubicin.Epirubicin.Etanercept.Etoposide.Everolimus.Fingolimod.Fludarabine.Fluorouracil.Gemcitabine.Gemtuzumab Ozogamicin.Golimumab.Hydroxyurea.Idarubicin.Ifosfamide.Imatinib.Immune Globulin.Infliximab.Interferon Alfa.Irinotecan.Irinotecan Liposome.Leflunomide.Lomustine.Mechlorethamine.Melphalan.Mercaptopurine.Methotrexate.Mitomycin.Mitoxantrone.Mycophenolic Acid.Nelarabine.Nilotinib.Ofatumumab.Oxaliplatin.Paclitaxel.Paclitaxel Protein-Bound.Pemetrexed.Pentostatin.Ponatinib.Procarbazine.Rilonacept.Rituximab.Secukinumab.Sirolimus.Temozolomide.Teniposide.Teriflunomide.Topotecan.Tositumomab.Trabectedin.Ustekinumab.Vinblastine.Vinorelbine.Using this medicine with any of the following medicines may cause an increased risk of certain side effects, but using both drugs may be the best treatment for you. If both medicines are prescribed together, your doctor may change the dose or how often you use one or both of the medicines. Abatacept.  Certain medicines should not be used at or around the time of eating food or eating certain types of food since interactions may occur.  Using alcohol or tobacco with certain medicines may also cause interactions to occur.  Discuss with your healthcare professional the use of your medicine with food, alcohol, or tobacco.   The presence of other medical problems may affect the use of this medicine. Make sure you tell your doctor if you have any other medical problems, especially: Fever\u2014If an infection is present, the chance of side effects from BCG vaccine may be increased.Immunity problems\u2014BCG vaccine may not work properly in persons with decreased natural immunity; also, the risk of side effects from BCG vaccine may be increased..Widespread skin infections.", "descriptions": "Bacillus Calmette-Gu\u00e9rin (BCG) vaccine is given by injection to help prevent tuberculosis (TB). TB is a serious disease that can cause severe illness. It is spread by close contact with people who already have TB, such as people living in the same house. Some infected people do not appear to be sick, but they can still spread TB to others. BCG vaccine does not provide 100% protection. Therefore it is important to avoid people with TB, even if you have received the vaccine. BCG vaccine is to be administered only by or under the direct supervision of a doctor. This product is available in the following dosage forms: Powder for Solution.", "side effects": " Along with its needed effects, a medicine may cause some unwanted effects. Although not all of these side effects may occur, if they do occur they may need medical attention. Other side effects not listed may also occur in some patients. If you notice any other effects, check with your healthcare professional. Call your doctor for medical advice about side effects. You may report side effects to the FDA at 1-800-FDA-1088. ", "precautions": ""}