{"title": "Bezlotoxumab (Intravenous Route)", "proper use": " A nurse or other trained health professional will give you this medicine in a hospital. This medicine is given through a needle placed in one of your veins.  This medicine should come with patient instructions. Read and follow the instructions carefully. Ask your doctor if you have any questions.  ", "before using": " In deciding to use a medicine, the risks of taking the medicine must be weighed against the good it will do. This is a decision you and your doctor will make. For this medicine, the following should be considered:   Tell your doctor if you have ever had any unusual or allergic reaction to this medicine or any other medicines. Also tell your health care professional if you have any other types of allergies, such as to foods, dyes, preservatives, or animals. For non-prescription products, read the label or package ingredients carefully.   Appropriate studies have not been performed on the relationship of age to the effects bezlotoxumab injection in the pediatric population. Safety and efficacy have not been established.    Appropriate studies performed to date have not demonstrated geriatric-specific problems that would limit the usefulness of bezlotoxumab injection in the elderly.    There are no adequate studies in women for determining infant risk when using this medication during breastfeeding. Weigh the potential benefits against the potential risks before taking this medication while breastfeeding.   Although certain medicines should not be used together at all, in other cases two different medicines may be used together even if an interaction might occur. In these cases, your doctor may want to change the dose, or other precautions may be necessary. Tell your healthcare professional if you are taking any other prescription or nonprescription (over-the-counter [OTC]) medicine.   Certain medicines should not be used at or around the time of eating food or eating certain types of food since interactions may occur.  Using alcohol or tobacco with certain medicines may also cause interactions to occur.  Discuss with your healthcare professional the use of your medicine with food, alcohol, or tobacco.   The presence of other medical problems may affect the use of this medicine. Make sure you tell your doctor if you have any other medical problems, especially: Congestive heart failure, or history of\u2014Use with caution. May make this condition worse. .", "descriptions": "Bezlotoxumab injection is used to prevent Clostridium difficile infection (CDI) from coming back in patients who are receiving medicines to treat CDI and are at risk for CDI recurrence. This medicine is not used to treat CDI.  This medicine is to be given only by or under the direct supervision of your doctor.  This product is available in the following dosage forms: Solution.", "side effects": " Along with its needed effects, a medicine may cause some unwanted effects. Although not all of these side effects may occur, if they do occur they may need medical attention. Check with your doctor or nurse immediately if any of the following side effects occur:  Back pain.chest pain.chest tightness.chills.decreased urine output.dilated neck veins.extreme fatigue.fever.flushing.headache.irregular breathing.irregular heartbeat.nausea and vomiting.swelling of face, fingers, feet, or lower legs.tightness in the chest.troubled breathing.weakness.weight gain.Some side effects may occur that usually do not need medical attention. These side effects may go away during treatment as your body adjusts to the medicine. Also, your health care professional may be able to tell you about ways to prevent or reduce some of these side effects. Check with your health care professional if any of the following side effects continue or are bothersome or if you have any questions about them: Incidence not known Bleeding, blistering, burning, coldness, discoloration of the skin, feeling of pressure, hives, infection, inflammation, itching, lumps, numbness, pain, rash, redness, scarring, soreness, stinging, swelling, tenderness, tingling, ulceration, or warmth at the injection site.Other side effects not listed may also occur in some patients. If you notice any other effects, check with your healthcare professional. Call your doctor for medical advice about side effects. You may report side effects to the FDA at 1-800-FDA-1088. ", "precautions": " Your doctor will check your progress closely while you are receiving this medicine. This will allow your doctor to see if the medicine is working properly and to decide if you should continue to receive it.  If you are rapidly gaining weight, having shortness of breath, chest pain, extreme tiredness or weakness, irregular breathing, irregular heartbeat, or excessive swelling of the hands, wrist, ankles, or feet, check with your doctor immediately. These may be symptoms of heart problems or your body keeping too much water.  "}