{"title": "Cefadroxil (Oral Route)", "proper use": "Proper Use Take this medicine only as directed by your doctor. Do not take more of it, do not take it more often, and do not take it for a longer time than your doctor ordered.  You or your child may take this medicine with or without food.  Shake the oral liquid well before each use. Measure the medicine with a marked measuring spoon, oral syringe, or medicine cup. The average household teaspoon may not hold the right amount of liquid.  Keep using this medicine for the full treatment time, even if you feel better after the first few doses. Your infection may not clear up if you stop using the medicine too soon.  Dosing  The dose of this medicine will be different for different patients. Follow your doctor's orders or the directions on the label. The following information includes only the average doses of this medicine. If your dose is different, do not change it unless your doctor tells you to do so. The amount of medicine that you take depends on the strength of the medicine. Also, the number of doses you take each day, the time allowed between doses, and the length of time you take the medicine depend on the medical problem for which you are using the medicine. For oral dosage forms (capsules or suspension):For infections:Adults and teenagers\u20141000 to 2000 milligrams (mg) per day, taken as a single dose or divided and taken twice a day. Children\u2014Dose is based on body weight and must be determined by your doctor. The dose is usually 30 milligrams (mg) per kilogram (kg) of body weight per day, taken as a single dose or divided and taken every 12 hours.    Missed Dose  If you miss a dose of this medicine, take it as soon as possible. However, if it is almost time for your next dose, skip the missed dose and go back to your regular dosing schedule. Do not double doses. Storage  Keep out of the reach of children. Do not keep outdated medicine or medicine no longer needed. Ask your healthcare professional how you should dispose of any medicine you do not use. Store the medicine in a closed container at room temperature, away from heat, moisture, and direct light. Keep from freezing. Store the oral liquid in the refrigerator. Throw away any unused medicine after 14 days.  ", "before using": "Before Using In deciding to use a medicine, the risks of taking the medicine must be weighed against the good it will do. This is a decision you and your doctor will make. For this medicine, the following should be considered: Allergies  Tell your doctor if you have ever had any unusual or allergic reaction to this medicine or any other medicines. Also tell your health care professional if you have any other types of allergies, such as to foods, dyes, preservatives, or animals. For non-prescription products, read the label or package ingredients carefully. Pediatric  Appropriate studies performed to date have not demonstrated pediatric-specific problems that would limit the usefulness of cefadroxil in children.  Geriatric  Appropriate studies performed to date have not demonstrated geriatric-specific problems that would limit the usefulness of cefadroxil in the elderly. However, elderly patients are more likely to have age-related kidney problems, which may require caution and an adjustment in the dose for patients receiving cefadroxil.  Pregnancy  Breastfeeding  Studies in women suggest that this medication poses minimal risk to the infant when used during breastfeeding. Drug Interactions  Although certain medicines should not be used together at all, in other cases two different medicines may be used together even if an interaction might occur. In these cases, your doctor may want to change the dose, or other precautions may be necessary. When you are taking this medicine, it is especially important that your healthcare professional know if you are taking any of the medicines listed below. The following interactions have been selected on the basis of their potential significance and are not necessarily all-inclusive. Using this medicine with any of the following medicines is usually not recommended, but may be required in some cases. If both medicines are prescribed together, your doctor may change the dose or how often you use one or both of the medicines. Cholera Vaccine, Live Warfarin Other Interactions  Certain medicines should not be used at or around the time of eating food or eating certain types of food since interactions may occur.  Using alcohol or tobacco with certain medicines may also cause interactions to occur.  Discuss with your healthcare professional the use of your medicine with food, alcohol, or tobacco. Other Medical Problems  The presence of other medical problems may affect the use of this medicine. Make sure you tell your doctor if you have any other medical problems, especially: Colitis (inflammation in gut), history of or Diarrhea, severe, history of\u2014Use with caution. May make these conditions worse.  Kidney disease\u2014Use with caution. Effects may be increased because of slower removal of the medicine from the body.  ", "descriptions": "Cefadroxil is used to treat bacterial infections in many different parts of the body. It belongs to the class of medicines known as cephalosporin antibiotics. It works by killing bacteria or preventing their growth. However, this medicine will not work for colds, flu, or other virus infections.  This medicine is available only with your doctor's prescription.  This product is available in the following dosage forms: Powder for Suspension Tablet Capsule ", "side effects": "Side Effects Along with its needed effects, a medicine may cause some unwanted effects. Although not all of these side effects may occur, if they do occur they may need medical attention. Check with your doctor immediately if any of the following side effects occur: Rare Black, tarry stools bleeding gums blistering, peeling, or loosening of the skin blood in the urine or stools chills clay-colored stools cough or hoarseness dark-colored urine diarrhea difficulty with moving feeling of discomfort fever fever with or without chills flushing or redness of the skin general feeling of tiredness or weakness headache inflammation of the joints itching joint or muscle pain light-colored stools lower back or side pain muscle aches muscle pain or stiffness painful or difficult urination pinpoint red spots on the skin rash red skin lesions, often with a purple center red, irritated eyes sore throat sores, ulcers, or white spots on the lips or in the mouth stomach pain, continuing swollen lymph glands unusual bleeding or bruising unusually warm skin vomiting yellow eyes or skin Incidence not known Abdominal or stomach cramps or tenderness back, leg, or stomach pains bloating chest pain coughing up blood diarrhea, watery and severe, which may also be bloody difficulty with breathing or swallowing dizziness fast heartbeat general body swelling high fever hives increased menstrual flow or vaginal bleeding increased thirst itching large, hive-like swelling on the face, eyelids, lips, tongue, throat, hands, legs, feet, or sex organs loss of appetite nausea nosebleeds pain pale skin paralysis prolonged bleeding from cuts puffiness or swelling of the eyelids or around the eyes, face, lips, or tongue seizures shortness of breath sudden decrease in the amount of urine swollen or painful glands tightness in the chest unpleasant breath odor unusual tiredness or weakness unusual weight loss vomiting of blood wheezing Some side effects may occur that usually do not need medical attention. These side effects may go away during treatment as your body adjusts to the medicine. Also, your health care professional may be able to tell you about ways to prevent or reduce some of these side effects. Check with your health care professional if any of the following side effects continue or are bothersome or if you have any questions about them: Rare Acid or sour stomach belching heartburn indigestion stomach discomfort, upset, or pain  Incidence not known Hives or welts itching of the vagina or genital area itching or pain of the genital area pain during sexual intercourse redness of the skin thick, white vaginal discharge with no odor or with a mild odor Other side effects not listed may also occur in some patients. If you notice any other effects, check with your healthcare professional. Call your doctor for medical advice about side effects. You may report side effects to the FDA at 1-800-FDA-1088. ", "precautions": "Precautions If your symptoms or your child's symptoms do not improve within a few days, or if they become worse, check with your doctor.  Cefadroxil may cause diarrhea, and in some cases it can be severe. Do not take any medicine or give medicine to your child to treat diarrhea without first checking with your doctor. Diarrhea medicines may make the diarrhea worse or make it last longer. If you have any questions about this or if mild diarrhea continues or gets worse, check with your doctor.  Before you or your child have any medical tests, tell the medical doctor in charge that you are using this medicine. The results of some tests may be affected by this medicine.  "}