{"title": "Cholecystokinin (Injection Route)", "proper use": "Proper Use Dosing  The dose of this medicine will be different for different patients. Follow your doctor's orders or the directions on the label. The following information includes only the average doses of this medicine. If your dose is different, do not change it unless your doctor tells you to do so. The amount of medicine that you take depends on the strength of the medicine. Also, the number of doses you take each day, the time allowed between doses, and the length of time you take the medicine depend on the medical problem for which you are using the medicine. ", "before using": "Before Using In deciding to use a diagnostic test, any risks of the test must be weighed against the good it will do. This is a decision you and your doctor will make. Also, other things may affect test results. For this test, the following should be considered: Allergies  Tell your doctor if you have ever had any unusual or allergic reaction to this medicine or any other medicines. Also tell your health care professional if you have any other types of allergies, such as to foods, dyes, preservatives, or animals. For non-prescription products, read the label or package ingredients carefully. Pediatric  Studies on this medicine have been done only in adult patients, and there is no specific information comparing use of cholecystokinin in children with use in other age groups. Geriatric  This medicine has been tested and has not been shown to cause different side effects or problems in older people than it does in younger adults. Drug Interactions  Although certain medicines should not be used together at all, in other cases two different medicines may be used together even if an interaction might occur. In these cases, your doctor may want to change the dose, or other precautions may be necessary. Tell your healthcare professional if you are taking any other prescription or nonprescription (over-the-counter [OTC]) medicine. Other Interactions  Certain medicines should not be used at or around the time of eating food or eating certain types of food since interactions may occur.  Using alcohol or tobacco with certain medicines may also cause interactions to occur.  Discuss with your healthcare professional the use of your medicine with food, alcohol, or tobacco. Other Medical Problems  The presence of other medical problems may affect the use of this diagnostic test. Make sure you tell your doctor if you have any other medical problems, especially: Blockage of the intestines\u2014The use of cholecystokinin may make this problem worse ", "descriptions": "Cholecystokinin belongs to the group of medicines known as diagnostic aids. Diagnostic aids are used to help diagnose certain medical problems. Cholecystokinin is given by injection before tests are done to see if the gallbladder and pancreas are working the way they should. It is also used to help with other tests of the stomach and intestines. Cholecystokinin makes the gallbladder contract (squeeze together). It also makes the pancreas produce enzymes, which are some of the juices needed for the digestion of food. In addition, cholecystokinin increases the movements or contractions of the stomach and intestines. The doctor will know if there is anything wrong with these organs if cholecystokinin does not work in the usual way. The doses of cholecystokinin will be different for different patients and depend on the weight of the patient and on the type of test. Cholecystokinin is used only under the supervision of a doctor. ", "side effects": "Side Effects Along with its needed effects, a medicine may cause some unwanted effects. Although not all of these side effects may occur, if they do occur they may need medical attention. Some side effects may occur that usually do not need medical attention. These side effects may go away during treatment as your body adjusts to the medicine. Also, your health care professional may be able to tell you about ways to prevent or reduce some of these side effects. Check with your health care professional if any of the following side effects continue or are bothersome or if you have any questions about them: Other side effects not listed may also occur in some patients. If you notice any other effects, check with your healthcare professional. Call your doctor for medical advice about side effects. You may report side effects to the FDA at 1-800-FDA-1088. ", "precautions": ""}