{"title": "Cladribine (Intravenous Route)", "proper use": " This medicine may cause mild nausea and may also cause vomiting. However, it is very important that you continue to receive the medicine even if you begin to feel ill. Ask your health care professional for ways to lessen these effects.   The dose of this medicine will be different for different patients. Follow your doctor's orders or the directions on the label. The following information includes only the average doses of this medicine. If your dose is different, do not change it unless your doctor tells you to do so. The amount of medicine that you take depends on the strength of the medicine. Also, the number of doses you take each day, the time allowed between doses, and the length of time you take the medicine depend on the medical problem for which you are using the medicine. ", "before using": " In deciding to use a medicine, the risks of taking the medicine must be weighed against the good it will do. This is a decision you and your doctor will make. For this medicine, the following should be considered:   Tell your doctor if you have ever had any unusual or allergic reaction to this medicine or any other medicines. Also tell your health care professional if you have any other types of allergies, such as to foods, dyes, preservatives, or animals. For non-prescription products, read the label or package ingredients carefully.   There is no specific information comparing use of cladribine in children with use in other age groups. However, cladribine has been reported to be tested in children with certain types of cancers of the blood.   Many medicines have not been studied specifically in older people. Therefore, it may not be known whether they work exactly the same way they do in younger adults. Although there is no specific information comparing use of cladribine in the elderly with use in other age groups, it is not expected to cause different side effects or problems in older people than it does in younger adults.     There are no adequate studies in women for determining infant risk when using this medication during breastfeeding. Weigh the potential benefits against the potential risks before taking this medication while breastfeeding.   Although certain medicines should not be used together at all, in other cases two different medicines may be used together even if an interaction might occur. In these cases, your doctor may want to change the dose, or other precautions may be necessary. When you are taking this medicine, it is especially important that your healthcare professional know if you are taking any of the medicines listed below. The following interactions have been selected on the basis of their potential significance and are not necessarily all-inclusive. Using this medicine with any of the following medicines is not recommended. Your doctor may decide not to treat you with this medication or change some of the other medicines you take. Measles Virus Vaccine, Live.Mumps Virus Vaccine, Live.Rotavirus Vaccine, Live.Rubella Virus Vaccine, Live.Varicella Virus Vaccine.Using this medicine with any of the following medicines is usually not recommended, but may be required in some cases. If both medicines are prescribed together, your doctor may change the dose or how often you use one or both of the medicines. Adenovirus Vaccine.Bacillus of Calmette and Guerin Vaccine, Live.Cholera Vaccine, Live.Dasabuvir.Influenza Virus Vaccine, Live.Poliovirus Vaccine, Live.Smallpox Vaccine.Typhoid Vaccine.Yellow Fever Vaccine.  Certain medicines should not be used at or around the time of eating food or eating certain types of food since interactions may occur.  Using alcohol or tobacco with certain medicines may also cause interactions to occur.  Discuss with your healthcare professional the use of your medicine with food, alcohol, or tobacco.   The presence of other medical problems may affect the use of this medicine. Make sure you tell your doctor if you have any other medical problems, especially: Chickenpox (including recent exposure) or.Herpes zoster (shingles)\u2014Risk of severe disease affecting other parts of the body.Gout (history of) or.Kidney stones (history of)\u2014Cladribine may increase levels of uric acid in the body, which can cause gout or kidney stones.Infection\u2014Cladribine may decrease your body's ability to fight infection.", "descriptions": "Cladribine belongs to the group of medicines called antimetabolites. It is used to treat hairy cell leukemia, a cancer of the blood and bone marrow. It is also sometimes used to treat other kinds of cancer, as determined by your doctor. Cladribine interferes with the growth of cancer cells, which are eventually destroyed. Since the growth of normal body cells may also be affected by cladribine, other effects will also occur. Some of these may be serious and must be reported to your doctor. Other effects may not be serious but may cause concern. Some effects may not occur for months or years after the medicine is used. Before you begin treatment with cladribine, you and your doctor should talk about the good this medicine will do as well as the risks of using it. Cladribine is to be administered only by or under the immediate supervision of your doctor. This product is available in the following dosage forms: Solution.", "side effects": " Along with its needed effects, a medicine may cause some unwanted effects. Some side effects will have signs or symptoms that you can see or feel. Your doctor may watch for others by doing certain tests. Also, because of the way cancer medicines act on the body, there is a chance that they might cause other unwanted effects that may not occur until months or years after the medicine is used. These delayed effects may include certain types of cancer. Discuss these possible effects with your doctor. Check with your doctor immediately if any of the following side effects occur:  Black, tarry stools.blood in urine .cough or hoarseness, accompanied by fever or chills .fever.lower back or side pain, accompanied by fever or chills.painful or difficult urination, accompanied by fever or chills. pinpoint red spots on skin.unusual bleeding or bruising .Check with your doctor as soon as possible if any of the following side effects occur:  Skin rash. Pain or redness at place of injection. shortness of breath.stomach pain. swelling of feet or lower legs.unusually fast heartbeat .This medicine may also cause the following side effects that your doctor will watch out for:  Anemia.low white cell counts in blood .Some side effects may occur that usually do not need medical attention. These side effects may go away during treatment as your body adjusts to the medicine. Also, your health care professional may be able to tell you about ways to prevent or reduce some of these side effects. Check with your health care professional if any of the following side effects continue or are bothersome or if you have any questions about them:  Headache.loss of appetite.nausea.unusual tiredness.vomiting. Constipation.diarrhea.dizziness.general feeling of discomfort or illness.itching.muscle or joint pain.sweating. trouble in sleeping.weakness.Other side effects not listed may also occur in some patients. If you notice any other effects, check with your healthcare professional. Call your doctor for medical advice about side effects. You may report side effects to the FDA at 1-800-FDA-1088. ", "precautions": "  It is very important that your doctor check your progress at regular visits to make sure that this medicine is working properly and to check for unwanted effects. While you are being treated with cladribine, and after you stop treatment with it, do not have any immunizations (vaccinations) without your doctor's approval. Cladribine may lower your body's resistance and there is a chance you might get the infection the immunization is meant to prevent. In addition, other persons living in your household should not take oral polio vaccine since there is a chance they could pass the polio virus on to you. Also, avoid persons who have taken oral polio vaccine within the last several months. Do not get close to them and do not stay in the same room with them for very long. If you cannot take these precautions, you should consider wearing a protective face mask that covers the nose and mouth. Cladribine can temporarily lower the number of white blood cells in your blood, increasing the chance of getting an infection. It can also lower the number of platelets, which are necessary for proper blood clotting. If this occurs, there are certain precautions you can take, especially when your blood count is low, to reduce the risk of infection or bleeding: If you can, avoid people with infections, colds, or flu. Check with your doctor immediately if you think you are getting an infection or if you get a fever or chills, cough or hoarseness, lower back or side pain, or painful or difficult urination..Check with your doctor immediately if you notice any unusual bleeding or bruising; black, tarry stools; blood in urine or stools; or pinpoint red spots on your skin..Be careful when using a regular toothbrush, dental floss, or toothpick. Your medical doctor, dentist, or nurse may recommend other ways to clean your teeth and gums. Check with your medical doctor before having any dental work done..Do not touch your eyes or the inside of your nose unless you have just washed your hands and have not touched anything else in the meantime. .Be careful not to cut yourself when you are using sharp objects such as a safety razor or fingernail or toenail cutters..Avoid contact sports or other situations where bruising or injury could occur.."}